Date,ICICI Pru Balanced Advantage,UTI Multi Asset Allocation,HDFC Small Cap,Mirae Asset Large & Midcap
2013-01-02,17.4,23.74,,14.105
2013-01-03,17.45,23.83,,14.099
2013-01-04,17.46,23.75,,14.139
2013-01-07,17.46,23.71,,14.135
2013-01-08,17.46,23.71,,14.115
2013-01-09,17.46,23.65,,14.103
2013-01-10,17.45,23.59,,14.091
2013-01-11,17.39,23.45,,13.96
2013-01-14,17.49,23.61,,14.138
2013-01-15,17.55,23.69,,14.22
2013-01-16,17.44,23.5,,14.092
2013-01-17,17.5,23.55,,14.148
2013-01-18,17.49,23.54,,14.118
2013-01-21,17.52,23.55,,14.122
2013-01-22,17.47,23.5187,,14.031
2013-01-23,17.43,23.477,,13.926
2013-01-24,17.33,23.2498,,13.722
2013-01-25,17.45,23.4211,,13.882
2013-01-28,17.46,23.3986,,13.836
2013-01-29,17.42,23.2648,,13.822
2013-01-30,17.43,23.2587,,13.759
2013-01-31,17.38,23.2673,,13.798
2013-02-01,17.32,23.1503,,13.809
2013-02-04,17.3,23.1385,,13.721
2013-02-05,17.22,23.0752,,13.626
2013-02-06,17.23,23.0688,,13.63
2013-02-07,17.19,23.0158,,13.525
2013-02-08,17.13,22.8944,,13.474
2013-02-11,17.12,22.8518,,13.452
2013-02-12,17.15,22.8758,,13.473
2013-02-13,17.17,22.9006,,13.476
2013-02-14,17.09,22.7463,,13.341
2013-02-15,17.02,22.7017,,13.331
2013-02-18,17.05,22.6975,,13.341
2013-02-19,17.14,22.811,,13.46
2013-02-20,17.15,22.8136,,13.448
2013-02-21,16.99,22.5061,,13.245
2013-02-22,17.0,22.5312,,13.236
2013-02-25,16.98,22.4777,,13.155
2013-02-26,16.83,22.2598,,12.976
2013-02-27,16.88,22.3844,,13.082
2013-02-28,16.73,22.0921,,12.886
2013-03-01,16.79,22.1308,,13.013
2013-03-04,16.77,22.0623,,12.918
2013-03-05,16.89,22.2429,,13.037
2013-03-06,16.97,22.3282,,13.079
2013-03-07,17.03,22.4222,,13.14
2013-03-08,17.14,22.5693,,13.289
2013-03-11,17.13,22.5719,,13.29
2013-03-12,17.08,22.4867,,13.232
2013-03-13,16.95,22.3097,,13.075
2013-03-14,17.03,22.4121,,13.139
2013-03-15,16.97,22.3191,,13.051
2013-03-18,16.92,22.2533,,13.015
2013-03-19,16.8,22.0361,,12.922
2013-03-20,16.68,21.8737,,12.69
2013-03-21,16.61,21.7874,,12.627
2013-03-22,16.59,21.7509,,12.633
2013-03-25,16.56,21.6746,,12.593
2013-03-26,16.54,21.7002,,12.594
2013-03-28,16.64,21.814,,12.715
2013-04-01,16.69,21.9177,,12.833
2013-04-02,16.8,22.0119,,12.994
2013-04-03,16.66,21.7609,,12.838
2013-04-04,16.48,21.4524,,12.619
2013-04-05,16.5,21.4428,,12.567
2013-04-08,16.5,21.4977,,12.561
2013-04-09,16.39,21.3613,,12.435
2013-04-10,16.51,21.554,,12.514
2013-04-11,16.55,21.5884,,12.523
2013-04-12,16.45,21.348,,12.535
2013-04-15,16.49,21.0334,,12.533
2013-04-16,16.66,21.2117,,12.691
2013-04-17,16.68,21.2066,,12.762
2013-04-18,16.81,21.4119,,12.866
2013-04-22,16.95,21.599,,13.043
2013-04-23,16.92,21.5922,,13.036
2013-04-25,17.05,21.8544,,13.119
2013-04-26,17.06,21.7734,,13.08
2013-04-29,17.11,21.8767,,13.183
2013-04-30,17.18,21.9319,,13.219
2013-05-02,17.24,22.0592,,13.292
2013-05-03,17.14,21.9616,,13.23
2013-05-06,17.24,22.0744,,13.319
2013-05-07,17.34,22.2004,,13.443
2013-05-08,17.34,22.2322,,13.552
2013-05-09,17.31,22.2349,,13.523
2013-05-10,17.38,22.3243,,13.603
2013-05-13,17.24,22.0902,,13.439
2013-05-14,17.3,22.1151,,13.459
2013-05-15,17.48,22.4395,,13.667
2013-05-16,17.53,22.4264,,13.709
2013-05-17,17.55,22.4416,,13.701
2013-05-20,17.53,22.2676,,13.617
2013-05-21,17.47,22.2009,,13.537
2013-05-22,17.42,22.1432,,13.444
2013-05-23,17.23,21.7947,,13.227
2013-05-24,17.26,21.807,,13.287
2013-05-27,17.37,22.0516,,13.423
2013-05-28,17.42,22.1371,,13.512
2013-05-29,17.37,22.1171,,13.486
2013-05-30,17.4,22.1939,,13.482
2013-05-31,17.27,21.9545,,13.328
2013-06-03,17.25,21.919,,13.31
2013-06-04,17.23,21.8951,,13.327
2013-06-05,17.25,21.8808,,13.307
2013-06-06,17.27,21.9859,,13.322
2013-06-07,17.21,21.9416,,13.275
2013-06-10,17.14,21.8913,,13.13
2013-06-11,17.02,21.6319,,12.971
2013-06-12,17.03,21.5529,,12.94
2013-06-13,16.91,21.4145,,12.719
2013-06-14,17.05,21.6397,,12.892
2013-06-17,17.11,21.8008,,12.966
2013-06-18,17.08,21.779,,12.975
2013-06-19,17.11,21.8065,,13.063
2013-06-20,16.83,21.2735,,12.825
2013-06-21,16.82,21.1936,,12.728
2013-06-24,16.64,20.9317,,12.537
2013-06-25,16.64,20.9347,,12.505
2013-06-26,16.61,20.7289,,12.478
2013-06-27,16.72,20.9895,,12.525
2013-06-28,16.99,21.2736,,12.758
2013-07-01,17.12,21.5795,,12.907
2013-07-02,17.09,21.528,,12.873
2013-07-03,16.93,21.2154,,12.732
2013-07-04,17.06,21.3701,,12.799
2013-07-05,17.11,21.4665,,12.778
2013-07-08,17.02,21.2828,,12.701
2013-07-09,17.13,21.4207,,12.778
2013-07-10,17.09,21.3445,,12.796
2013-07-11,17.24,21.6684,,12.872
2013-07-12,17.36,21.8333,,12.922
2013-07-15,17.41,21.9398,,13.019
2013-07-16,17.22,21.7084,,12.871
2013-07-17,17.16,21.7711,,12.77
2013-07-18,17.26,21.9158,,12.91
2013-07-19,17.27,21.9272,,12.826
2013-07-22,17.28,22.0469,,12.831
2013-07-23,17.32,22.2138,,12.887
2013-07-24,17.15,21.9773,,12.687
2013-07-25,17.05,21.7128,,12.624
2013-07-26,17.03,21.7089,,12.553
2013-07-29,16.97,21.643,,12.468
2013-07-30,16.83,21.4657,,12.217
2013-07-31,16.8,21.597,,12.257
2013-08-01,16.82,21.4969,,12.133
2013-08-02,16.71,21.3007,,12.073
2013-08-05,16.76,21.4231,,12.094
2013-08-06,16.51,21.041,,11.836
2013-08-07,16.5,20.9401,,11.865
2013-08-08,16.64,21.1076,,12.032
2013-08-12,16.76,21.3685,,12.243
2013-08-13,16.94,21.7142,,12.399
2013-08-14,17.01,21.8588,,12.562
2013-08-16,16.66,21.5042,,12.218
2013-08-19,16.39,21.2776,,11.97
2013-08-20,16.4,21.1779,,11.873
2013-08-21,16.24,21.0575,,11.739
2013-08-22,16.41,21.3108,,11.801
2013-08-23,16.56,21.4639,,11.976
2013-08-26,16.6,21.5783,,12.038
2013-08-27,16.14,21.18,,11.743
2013-08-28,16.09,21.1596,,11.574
2013-08-29,16.35,21.4018,,11.792
2013-08-30,16.49,21.4184,,11.839
2013-09-02,16.65,21.557,,11.933
2013-09-03,16.28,21.2973,,11.713
2013-09-04,16.49,21.4962,,11.887
2013-09-05,16.8,21.6696,,12.137
2013-09-06,16.97,21.7631,,12.229
2013-09-10,17.27,22.1338,,12.419
2013-09-11,17.39,22.1698,,12.554
2013-09-12,17.31,22.0142,,12.476
2013-09-13,17.3,21.958,,12.516
2013-09-16,17.32,21.9276,,12.47
2013-09-17,17.39,21.9906,,12.436
2013-09-18,17.49,22.1037,,12.491
2013-09-19,17.86,22.6787,,12.773
2013-09-20,17.7,22.4233,,12.664
2013-09-23,17.54,22.0947,,12.52
2013-09-24,17.53,22.0423,,12.543
2013-09-25,17.5,22.0586,,12.558
2013-09-26,17.54,22.0554,,12.562
2013-09-27,17.48,21.9728,,12.567
2013-09-30,17.41,21.8543,,12.509
2013-10-01,17.48,21.9075,,12.628
2013-10-03,17.68,22.2138,,12.822
2013-10-04,17.73,22.2091,,12.88
2013-10-07,17.77,22.2533,,12.958
2013-10-08,17.85,22.3655,,12.989
2013-10-09,17.98,22.5078,,13.152
2013-10-10,18.06,22.5757,,13.277
2013-10-11,18.16,22.7198,,13.339
2013-10-14,18.18,22.8161,,13.383
2013-10-15,18.14,22.7433,,13.245
2013-10-17,18.08,22.7036,,13.165
2013-10-18,18.28,23.0077,,13.347
2013-10-21,18.33,23.106,,13.489
2013-10-22,18.33,23.1464,,13.538
2013-10-23,18.34,23.1281,,13.517
2013-10-24,18.36,23.0533,,13.54
2013-10-25,18.33,23.0038,,13.497
2013-10-28,18.25,22.9042,,13.395
2013-10-29,18.41,23.0689,,13.542
2013-10-30,18.46,23.0912,,13.598
2013-10-31,18.54,23.2224,,13.752
2013-11-01,18.58,23.3793,,13.88
2013-11-05,18.6,23.2556,,14.047
2013-11-06,18.59,23.1592,,14.109
2013-11-07,18.55,23.0501,,14.003
2013-11-08,18.54,22.9669,,14.067
2013-11-11,18.46,22.7702,,14.008
2013-11-12,18.39,22.6579,,13.956
2013-11-13,18.32,22.5375,,13.865
2013-11-14,18.46,22.7101,,14.07
2013-11-18,18.66,23.038,,14.219
2013-11-19,18.69,23.0752,,14.29
2013-11-20,18.59,22.841,,14.225
2013-11-21,18.39,22.5054,,14.103
2013-11-22,18.41,22.5229,,14.11
2013-11-25,18.62,22.758,,14.249
2013-11-26,18.54,22.6023,,14.165
2013-11-27,18.57,22.5569,,14.134
2013-11-28,18.62,22.6284,,14.181
2013-11-29,18.77,22.8639,,14.322
2013-12-02,18.85,22.8971,,14.45
2013-12-03,18.83,22.8204,,14.493
2013-12-04,18.78,22.7121,,14.407
2013-12-05,18.91,22.907,,14.476
2013-12-06,18.94,22.9089,,14.568
2013-12-09,19.08,23.1661,,14.702
2013-12-10,19.04,23.11,,14.63
2013-12-11,19.01,22.9568,,14.598
2013-12-12,18.93,22.7306,,14.527
2013-12-13,18.82,22.539,,14.394
2013-12-16,18.83,22.5323,,14.515
2013-12-17,18.84,22.467,,14.539
2013-12-18,18.97,22.6393,,14.724
2013-12-19,18.94,22.5603,,14.763
2013-12-20,19.13,22.9349,,14.996
2013-12-23,19.16,22.911,,15.099
2013-12-24,19.12,22.8611,,15.15
2013-12-26,19.18,22.8642,,15.198
2013-12-27,19.25,22.9082,,15.195
2013-12-30,19.23,22.7989,,15.181
2013-12-31,19.25,22.8383,,15.26
2014-01-01,19.26,22.8315,,15.343
2014-01-02,19.12,22.5859,,15.143
2014-01-03,19.15,22.5917,,15.222
2014-01-06,19.12,22.5395,,15.342
2014-01-07,19.09,22.3859,,15.315
2014-01-08,19.12,22.4087,,15.409
2014-01-09,19.08,22.353,,15.379
2014-01-10,19.07,22.3516,,15.306
2014-01-13,19.19,22.5329,,15.307
2014-01-14,19.15,22.4686,,15.289
2014-01-15,19.29,22.7305,,15.296
2014-01-16,19.23,22.6679,,15.278
2014-01-17,19.13,22.4751,,15.102
2014-01-20,19.19,22.6685,,15.284
2014-01-21,19.21,22.7386,,15.338
2014-01-22,19.26,22.7974,,15.419
2014-01-23,19.23,22.7876,,15.397
2014-01-24,19.08,22.5969,,15.187
2014-01-27,18.83,22.3228,,14.859
2014-01-28,18.78,22.3151,,14.89
2014-01-29,18.77,22.3254,,14.91
2014-01-30,18.64,22.1616,,14.774
2014-01-31,18.78,22.3211,,15.102
2014-02-03,18.67,22.0548,,15.027
2014-02-04,18.72,22.0485,,15.05
2014-02-05,18.79,22.0876,,15.201
2014-02-06,18.82,22.1614,,15.237
2014-02-07,18.88,22.2132,,15.344
2014-02-10,18.87,22.2,,15.341
2014-02-11,18.91,22.2969,,15.408
2014-02-12,18.99,22.3139,,15.492
2014-02-13,18.76,22.1581,,15.31
2014-02-14,18.84,22.2643,,15.381
2014-02-17,18.89,22.3253,,15.394
2014-02-18,18.98,22.4998,,15.53
2014-02-19,19.05,22.5557,,15.616
2014-02-20,18.95,22.4085,,15.581
2014-02-21,19.05,22.585,,15.807
2014-02-24,19.09,22.6487,,15.834
2014-02-25,19.13,22.6526,,15.932
2014-02-26,19.22,22.746,,15.992
2014-02-28,19.29,22.829,,16.16
2014-03-03,19.2,22.7768,,16.171
2014-03-04,19.34,22.9095,,16.278
2014-03-05,19.44,22.9598,,16.418
2014-03-06,19.6,23.0793,,16.519
2014-03-07,19.75,23.2861,,16.501
2014-03-10,19.79,23.2406,,16.467
2014-03-11,19.77,23.352,,16.477
2014-03-12,19.77,23.4593,,16.502
2014-03-13,19.74,23.4125,,16.453
2014-03-14,19.75,23.5311,,16.444
2014-03-18,19.83,23.5972,,16.582
2014-03-19,19.85,23.5159,,16.624
2014-03-20,19.77,23.3978,,16.562
2014-03-21,19.8,23.391,,16.677
2014-03-24,19.95,23.5192,,16.818
2014-03-25,19.98,23.4462,,16.916
2014-03-26,20.02,23.4425,,17.007
2014-03-27,20.08,23.5419,,17.096
2014-03-28,20.2,23.6935,,17.312
2014-03-31,20.25,23.7825,,17.396
2014-04-01,20.23,23.7665,,17.376
2014-04-02,20.33,23.828,,17.613
2014-04-03,20.25,23.7378,,17.504
2014-04-04,20.18,23.6024,,17.47
2014-04-07,20.18,23.6266,,17.438
2014-04-09,20.37,23.833,,17.685
2014-04-10,20.41,23.8859,,17.721
2014-04-11,20.41,24.0494,,17.721
2014-04-15,20.33,24.0234,,17.579
2014-04-16,20.23,23.8625,,17.439
2014-04-17,20.4,24.1271,,17.7
2014-04-21,20.46,24.2134,,17.815
2014-04-22,20.48,24.249,,17.863
2014-04-23,20.55,24.2832,,17.945
2014-04-25,20.48,24.1854,,17.922
2014-04-28,20.48,24.2096,,17.987
2014-04-29,20.43,24.0979,,17.892
2014-04-30,20.39,23.9988,,17.746
2014-05-02,20.43,24.0212,,17.888
2014-05-05,20.46,24.0135,,17.819
2014-05-06,20.5,24.0374,,17.875
2014-05-07,20.43,23.9056,,17.857
2014-05-08,20.47,23.85,,17.908
2014-05-09,20.78,24.2672,,18.221
2014-05-12,20.99,24.6073,,18.333
2014-05-13,21.12,24.8504,,18.575
2014-05-14,21.15,24.8443,,18.697
2014-05-15,21.14,24.8589,,18.457
2014-05-16,21.25,25.1678,,18.683
2014-05-19,21.44,25.3991,,19.285
2014-05-20,21.51,25.3972,,19.628
2014-05-21,21.54,25.3627,,19.844
2014-05-22,21.61,25.2661,,20.096
2014-05-23,21.76,25.5933,,20.297
2014-05-26,21.69,25.4704,,20.025
2014-05-27,21.68,25.366,,19.958
2014-05-28,21.78,25.4177,,20.068
2014-05-29,21.61,25.1364,,20.006
2014-05-30,21.62,25.1769,,20.095
2014-06-02,21.91,25.4894,,20.359
2014-06-03,22.02,25.6289,,20.578
2014-06-04,22.13,25.6463,,20.925
2014-06-05,22.22,25.9168,,20.99
2014-06-06,22.41,26.2735,,21.33
2014-06-09,22.45,26.4451,,21.752
2014-06-10,22.42,26.4657,,21.688
2014-06-11,22.41,26.3992,,21.554
2014-06-12,22.45,26.5112,,21.598
2014-06-13,22.3,26.2764,,21.254
2014-06-16,22.3,26.3795,,21.313
2014-06-17,22.46,26.6811,,21.631
2014-06-18,22.4,26.5759,,21.666
2014-06-19,22.35,26.4715,,21.455
2014-06-20,22.3,26.5162,,21.292
2014-06-23,22.3,26.5612,,21.396
2014-06-24,22.4,26.8328,,21.666
2014-06-25,22.38,26.7857,,21.656
2014-06-26,22.29,26.5894,,21.507
2014-06-27,22.34,26.6184,,21.653
2014-06-30,22.49,26.8931,21.278,22.055
2014-07-01,22.6,26.9277,21.346,22.106
2014-07-02,22.74,27.1345,21.594,22.509
2014-07-03,22.78,27.1722,21.59,22.587
2014-07-04,22.89,27.366,21.731,22.901
2014-07-07,22.92,27.4895,21.745,22.925
2014-07-08,22.69,26.9374,21.24,22.165
2014-07-09,22.59,26.8039,20.975,21.93
2014-07-10,22.57,26.8814,21.044,22.1
2014-07-11,22.44,26.568,20.691,21.626
2014-07-14,22.39,26.4604,20.711,21.521
2014-07-15,22.58,26.6018,20.944,21.882
2014-07-16,22.77,26.884,21.195,22.184
2014-07-17,22.86,27.067,21.371,22.435
2014-07-18,22.89,27.1815,21.376,22.414
2014-07-21,22.92,27.157,21.473,22.507
2014-07-22,22.97,27.3247,21.539,22.463
2014-07-23,22.97,27.3526,21.515,22.467
2014-07-24,23.0,27.373,21.518,22.48
2014-07-25,22.93,27.2042,21.38,22.18
2014-07-28,22.92,27.1145,21.342,22.029
2014-07-30,22.99,27.1776,21.473,22.201
2014-07-31,22.93,27.066,21.53,22.246
2014-08-01,22.79,26.8171,21.453,22.154
2014-08-04,22.9,27.0953,21.65,22.447
2014-08-05,22.99,27.2866,21.719,22.629
2014-08-06,22.92,27.2262,21.602,22.585
2014-08-07,22.91,27.2218,21.588,22.543
2014-08-08,22.79,27.0355,21.198,22.198
2014-08-11,22.87,27.1049,21.371,22.402
2014-08-12,22.94,27.344,21.468,22.61
2014-08-13,22.95,27.3418,21.28,22.627
2014-08-14,23.09,27.4813,21.477,22.739
2014-08-18,23.22,27.6471,21.823,23.103
2014-08-19,23.28,27.7113,21.95,23.41
2014-08-20,23.28,27.6908,22.034,23.535
2014-08-21,23.3,27.7144,22.293,23.713
2014-08-22,23.38,27.7195,22.48,23.726
2014-08-25,23.39,27.677,22.336,23.569
2014-08-26,23.41,27.7076,22.348,23.481
2014-08-27,23.49,27.7814,22.535,23.663
2014-08-28,23.52,27.8461,22.489,23.638
2014-09-01,23.66,28.0599,22.777,23.966
2014-09-02,23.79,28.14,22.913,24.269
2014-09-03,23.84,28.3353,23.079,24.598
2014-09-04,23.86,28.3066,23.093,24.68
2014-09-05,23.85,28.2524,23.361,24.827
2014-09-08,23.99,28.5503,23.668,25.205
2014-09-09,23.99,28.455,23.792,25.283
2014-09-10,23.95,28.345,23.798,25.229
2014-09-11,24.07,28.3266,24.13,25.599
2014-09-12,24.07,28.3448,24.405,25.832
2014-09-15,24.07,28.1872,24.311,25.977
2014-09-16,23.83,27.7915,23.556,25.165
2014-09-17,23.88,27.8909,23.555,25.234
2014-09-18,24.03,28.2987,23.927,25.568
2014-09-19,24.06,28.3522,24.009,25.714
2014-09-22,24.04,28.4303,24.0,25.735
2014-09-23,23.89,28.0905,23.506,25.353
2014-09-24,23.85,28.0105,23.21,25.223
2014-09-25,23.74,27.6979,22.886,24.807
2014-09-26,23.84,27.7988,23.123,24.922
2014-09-29,23.87,27.8868,23.382,25.212
2014-09-30,23.85,27.8666,23.438,25.342
2014-10-01,23.83,27.8075,23.391,25.345
2014-10-07,23.78,27.4504,23.114,25.105
2014-10-08,23.76,27.3709,23.09,25.006
2014-10-09,23.85,27.7019,23.314,25.344
2014-10-10,23.74,27.3956,23.01,24.992
2014-10-13,23.81,27.4451,23.105,25.164
2014-10-14,23.79,27.431,23.082,25.248
2014-10-16,23.58,27.1653,22.574,24.734
2014-10-17,23.66,27.1515,22.725,24.747
2014-10-20,23.84,27.3957,22.919,24.91
2014-10-21,23.93,27.6318,23.116,25.136
2014-10-22,24.01,27.7258,23.407,25.414
2014-10-27,24.09,27.5816,23.526,25.515
2014-10-28,24.13,27.6308,23.676,25.667
2014-10-29,24.22,27.7753,23.725,25.78
2014-10-30,24.37,27.9125,23.926,25.979
2014-10-31,24.57,28.2417,24.251,26.272
2014-11-03,24.57,28.2863,24.337,26.454
2014-11-05,24.59,28.244,24.324,26.474
2014-11-07,24.62,28.3364,24.473,26.603
2014-11-10,24.67,28.3614,24.405,26.56
2014-11-11,24.71,28.4086,24.632,26.771
2014-11-12,24.72,28.4587,24.824,27.035
2014-11-13,24.66,28.3993,24.751,26.857
2014-11-14,24.74,28.4861,24.782,27.01
2014-11-17,24.75,28.6476,24.966,27.239
2014-11-18,24.8,28.6376,25.106,27.322
2014-11-19,24.77,28.5195,25.107,27.177
2014-11-20,24.82,28.5468,25.151,27.144
2014-11-21,24.86,28.6726,25.194,27.198
2014-11-24,24.92,28.7746,25.134,27.241
2014-11-25,24.84,28.6249,24.899,26.976
2014-11-26,24.9,28.6632,24.883,26.988
2014-11-27,24.93,28.6843,25.003,27.14
2014-11-28,24.98,28.8629,25.276,27.551
2014-12-01,24.91,28.6739,25.23,27.577
2014-12-02,24.92,28.7172,25.433,27.74
2014-12-03,25.02,28.8404,25.815,28.18
2014-12-04,25.05,28.8587,25.93,28.235
2014-12-05,25.01,28.7498,25.917,28.162
2014-12-08,24.94,28.4714,25.698,27.91
2014-12-09,24.85,28.2069,25.31,27.548
2014-12-10,24.91,28.3608,25.514,27.799
2014-12-11,24.82,28.1473,25.442,27.699
2014-12-12,24.69,27.9346,25.284,27.507
2014-12-15,24.68,27.8688,25.162,27.472
2014-12-16,24.43,27.6237,24.533,26.95
2014-12-17,24.36,27.3749,24.387,26.795
2014-12-18,24.62,27.7305,24.934,27.416
2014-12-19,24.76,27.9313,25.1,27.624
2014-12-22,24.93,28.1905,25.246,27.875
2014-12-23,24.86,28.0296,25.169,27.874
2014-12-24,24.74,27.8658,25.185,27.774
2014-12-26,24.79,27.952,25.35,27.822
2014-12-29,24.91,28.076,25.501,28.084
2014-12-30,24.96,28.0704,25.687,28.267
2014-12-31,25.04,28.1799,25.973,28.462
2015-01-01,25.04,28.1925,26.132,28.606
2015-01-02,25.11,28.45,26.313,28.771
2015-01-05,25.08,28.4575,26.217,28.68
2015-01-06,24.77,27.8794,25.548,27.963
2015-01-07,24.77,27.9275,25.468,27.95
2015-01-08,24.97,28.1443,25.817,28.452
2015-01-09,25.05,28.2619,25.915,28.546
2015-01-12,25.11,28.4202,26.107,28.785
2015-01-13,25.12,28.3689,26.208,28.949
2015-01-14,25.04,28.3567,26.209,29.0
2015-01-15,25.28,28.8384,26.57,29.257
2015-01-16,25.36,29.0034,26.562,29.464
2015-01-19,25.41,29.1968,26.658,29.618
2015-01-20,25.53,29.5414,26.759,29.815
2015-01-21,25.54,29.6695,26.759,29.688
2015-01-22,25.53,29.7993,26.701,29.73
2015-01-23,25.6,30.0203,26.547,29.682
2015-01-27,25.63,30.1126,26.597,30.018
2015-01-28,25.7,30.1587,26.685,30.225
2015-01-29,25.69,30.1494,26.512,30.2
2015-01-30,25.62,29.8596,26.232,29.901
2015-02-02,25.63,29.851,26.252,29.883
2015-02-03,25.58,29.8301,26.114,29.77
2015-02-04,25.58,29.6588,25.957,29.525
2015-02-05,25.56,29.6083,25.667,29.425
2015-02-06,25.49,29.4503,25.415,28.977
2015-02-09,25.43,29.0643,25.247,28.809
2015-02-10,25.49,29.1115,25.439,29.103
2015-02-11,25.58,29.3006,25.674,29.526
2015-02-12,25.73,29.5306,25.888,29.773
2015-02-13,25.82,29.7872,26.103,29.978
2015-02-16,25.81,29.8157,25.998,29.873
2015-02-18,25.92,29.8996,26.154,30.109
2015-02-19,25.95,29.942,26.136,30.101
2015-02-20,25.95,29.7554,26.207,30.156
2015-02-23,25.89,29.45,26.022,29.943
2015-02-24,25.84,29.3833,25.938,29.901
2015-02-25,25.85,29.4664,25.932,29.803
2015-02-26,25.77,29.2202,25.725,29.618
2015-02-27,25.96,29.5797,25.973,29.962
2015-03-02,26.06,29.9202,26.355,30.648
2015-03-03,26.1,30.0755,26.628,30.992
2015-03-04,26.0,29.8882,26.407,30.816
2015-03-05,26.08,29.8795,26.58,31.051
2015-03-09,25.95,29.4059,26.293,30.644
2015-03-10,25.95,29.2668,26.323,30.702
2015-03-11,25.98,29.1536,26.28,30.721
2015-03-12,26.11,29.4134,26.63,31.103
2015-03-13,26.0,29.0951,26.443,30.8
2015-03-16,25.93,29.0439,26.315,30.587
2015-03-17,26.04,29.1944,26.547,30.831
2015-03-18,25.96,29.096,26.594,30.948
2015-03-19,25.91,29.0161,26.343,30.798
2015-03-20,25.84,28.8523,26.02,30.358
2015-03-23,25.8,28.7968,25.819,30.062
2015-03-24,25.81,28.7802,25.728,30.05
2015-03-25,25.83,28.7647,25.508,29.765
2015-03-26,25.69,28.4828,25.269,29.49
2015-03-27,25.63,28.3834,25.387,29.44
2015-03-30,25.84,28.727,25.842,29.852
2015-03-31,25.87,28.7171,25.885,29.938
2015-04-01,25.96,28.9535,26.2,30.483
2015-04-06,26.07,29.263,26.51,30.661
2015-04-07,26.13,29.2978,26.657,30.784
2015-04-08,26.21,29.509,26.994,31.07
2015-04-09,26.27,29.5156,27.167,31.164
2015-04-10,26.29,29.6298,27.314,31.171
2015-04-13,26.33,29.8459,27.484,31.235
2015-04-15,26.25,29.6383,27.536,31.2
2015-04-16,26.25,29.6462,27.457,30.976
2015-04-17,26.14,29.2518,27.084,30.571
2015-04-20,25.91,28.8162,26.641,29.962
2015-04-21,25.84,28.6607,26.547,29.81
2015-04-22,25.8,28.7397,26.591,29.775
2015-04-23,25.76,28.5934,26.605,29.864
2015-04-24,25.59,28.2352,25.991,29.364
2015-04-27,25.43,27.9908,25.259,28.673
2015-04-28,25.58,28.2365,25.589,29.25
2015-04-29,25.62,28.1564,25.709,29.41
2015-04-30,25.56,28.065,25.624,29.31
2015-05-04,25.88,28.4495,25.955,29.612
2015-05-05,25.87,28.4253,26.059,29.798
2015-05-06,25.54,27.9315,25.339,28.957
2015-05-07,25.48,27.7725,24.83,28.525
2015-05-08,25.65,28.1644,25.122,29.027
2015-05-11,25.86,28.4729,25.527,29.404
2015-05-12,25.65,28.065,25.174,29.016
2015-05-13,25.84,28.3156,25.357,29.328
2015-05-14,25.9,28.4219,25.643,29.66
2015-05-15,25.91,28.5299,25.841,29.918
2015-05-18,26.06,28.8142,25.977,30.063
2015-05-19,26.1,28.8054,25.995,30.107
2015-05-20,26.16,28.9249,25.971,30.098
2015-05-21,26.18,28.9556,25.854,30.02
2015-05-22,26.23,28.961,25.92,30.114
2015-05-25,26.19,28.7799,25.899,30.063
2015-05-26,26.15,28.6654,25.831,30.093
2015-05-27,26.1,28.625,25.879,30.017
2015-05-28,26.05,28.5248,25.78,29.939
2015-05-29,26.26,28.7574,26.019,30.301
2015-06-01,26.24,28.7582,25.998,30.398
2015-06-02,25.98,28.3332,25.563,29.744
2015-06-03,25.87,28.0081,25.276,29.338
2015-06-04,25.86,28.0012,25.196,29.385
2015-06-05,25.88,27.9322,25.22,29.449
2015-06-08,25.75,27.7003,24.972,29.022
2015-06-09,25.73,27.6951,24.97,29.111
2015-06-10,25.9,27.9657,25.231,29.363
2015-06-11,25.65,27.5452,24.91,28.967
2015-06-12,25.65,27.5895,24.907,28.971
2015-06-15,25.69,27.6345,24.896,28.992
2015-06-16,25.76,27.7161,25.005,29.051
2015-06-17,25.84,27.8687,25.299,29.529
2015-06-18,26.0,28.1333,25.594,29.986
2015-06-19,26.1,28.2204,25.716,30.1
2015-06-22,26.23,28.5093,26.11,30.57
2015-06-23,26.29,28.5595,26.286,30.65
2015-06-24,26.2,28.4073,26.113,30.565
2015-06-25,26.21,28.4351,26.136,30.772
2015-06-26,26.21,28.4324,26.091,30.798
2015-06-29,26.09,28.2721,25.676,30.411
2015-06-30,26.18,28.426,25.896,30.688
2015-07-01,26.36,28.6623,26.217,31.099
2015-07-02,26.41,28.6234,26.209,31.287
2015-07-03,26.47,28.7003,26.271,31.242
2015-07-06,26.6,28.7934,26.383,31.469
2015-07-07,26.61,28.8047,26.521,31.613
2015-07-08,26.44,28.4466,26.16,31.213
2015-07-09,26.4,28.4524,26.113,31.141
2015-07-10,26.46,28.4707,26.238,31.189
2015-07-13,26.59,28.6536,26.596,31.561
2015-07-14,26.6,28.6156,26.754,31.659
2015-07-15,26.69,28.7936,26.873,31.719
2015-07-16,26.79,28.9852,27.113,32.132
2015-07-17,26.84,28.9906,27.14,32.198
2015-07-20,26.85,28.9616,27.154,32.26
2015-07-21,26.76,28.7901,26.811,31.773
2015-07-22,26.91,28.985,27.013,32.183
2015-07-23,26.98,28.9058,27.198,32.296
2015-07-24,26.89,28.7202,27.09,32.176
2015-07-27,26.69,28.3548,26.753,31.792
2015-07-28,26.67,28.2881,26.807,31.89
2015-07-29,26.75,28.4025,27.057,32.12
2015-07-30,26.88,28.5464,27.301,32.367
2015-07-31,27.09,28.7818,27.551,32.617
2015-08-03,27.1,28.8722,27.621,32.789
2015-08-04,27.16,28.8162,27.766,32.961
2015-08-05,27.28,28.9521,28.092,33.261
2015-08-06,27.27,29.0158,28.041,33.199
2015-08-07,27.24,29.0664,27.995,33.282
2015-08-10,27.17,28.9676,27.993,33.207
2015-08-11,27.13,28.8656,27.771,32.958
2015-08-12,26.98,28.6026,27.324,32.227
2015-08-13,26.98,28.6327,27.103,32.136
2015-08-14,27.21,29.0358,27.633,32.885
2015-08-17,27.15,28.9562,27.854,33.072
2015-08-18,27.16,29.0207,27.999,33.148
2015-08-19,27.21,29.0419,28.216,33.354
2015-08-20,27.04,28.799,27.654,32.858
2015-08-21,26.94,28.7327,27.466,32.601
2015-08-24,25.95,27.2816,25.514,30.146
2015-08-25,26.14,27.3013,25.719,30.597
2015-08-26,25.99,27.0452,25.739,30.498
2015-08-27,26.38,27.4351,26.288,31.207
2015-08-28,26.51,27.892,26.257,31.258
2015-08-31,26.46,27.8174,26.237,31.182
2015-09-01,26.12,27.4741,25.717,30.507
2015-09-02,26.0,27.2787,25.661,30.5
2015-09-03,26.25,27.4971,25.897,30.848
2015-09-04,25.88,27.0725,25.437,30.132
2015-09-07,25.61,26.8835,24.959,29.596
2015-09-08,25.88,27.1364,25.066,29.858
2015-09-09,26.21,27.4434,25.319,30.449
2015-09-10,26.1,27.2401,25.307,30.362
2015-09-11,26.09,27.3517,25.402,30.431
2015-09-14,26.31,27.5069,25.581,30.724
2015-09-15,26.23,27.3825,25.475,30.707
2015-09-16,26.33,27.5091,25.568,30.661
2015-09-18,26.56,27.8831,25.698,30.965
2015-09-21,26.56,27.8673,25.921,31.16
2015-09-22,26.23,27.4857,25.675,30.713
2015-09-23,26.29,27.4858,25.818,30.841
2015-09-24,26.36,27.5626,25.969,30.997
2015-09-28,26.24,27.4192,26.038,30.881
2015-09-29,26.33,27.4487,26.052,30.934
2015-09-30,26.57,27.7104,26.358,31.387
2015-10-01,26.49,27.7437,26.314,31.384
2015-10-05,26.87,28.2249,26.628,31.88
2015-10-06,26.91,28.3364,26.623,31.957
2015-10-07,26.98,28.4322,26.587,31.907
2015-10-08,26.88,28.2465,26.466,31.696
2015-10-09,26.98,28.3717,26.574,31.619
2015-10-12,26.94,28.37,26.559,31.736
2015-10-13,26.92,28.2618,26.711,31.734
2015-10-14,26.9,28.2824,26.777,31.743
2015-10-15,26.99,28.4115,26.796,31.966
2015-10-16,27.11,28.5871,26.866,32.298
2015-10-19,27.19,28.6276,27.058,32.667
2015-10-20,27.2,28.6344,27.213,32.736
2015-10-21,27.18,28.6253,27.162,32.58
2015-10-23,27.24,28.6209,27.178,32.472
2015-10-26,27.21,28.481,27.056,32.335
2015-10-27,27.2,28.4177,27.165,32.359
2015-10-28,27.13,28.3863,27.109,32.089
2015-10-29,27.02,28.2246,26.981,31.905
2015-10-30,26.95,28.0883,26.898,31.82
2015-11-02,26.99,27.9886,26.986,31.835
2015-11-03,27.06,27.9942,27.048,31.923
2015-11-04,27.0,27.8914,27.043,31.839
2015-11-05,26.84,27.655,26.591,31.465
2015-11-06,26.86,27.5969,26.554,31.343
2015-11-09,26.84,27.5691,26.874,31.466
2015-11-10,26.54,27.1556,26.582,31.13
2015-11-13,26.55,27.0546,26.666,31.217
2015-11-16,26.63,27.1347,26.711,31.38
2015-11-17,26.71,27.1315,26.905,31.513
2015-11-18,26.51,26.8934,26.779,31.386
2015-11-19,26.83,27.2092,26.977,31.784
2015-11-20,26.9,27.3818,27.084,31.935
2015-11-23,26.89,27.3165,27.216,32.081
2015-11-24,26.87,27.3026,27.296,32.088
2015-11-26,26.99,27.3645,27.292,32.117
2015-11-27,27.07,27.4995,27.466,32.289
2015-11-30,27.08,27.4171,27.507,32.307
2015-12-01,27.18,27.5194,27.697,32.454
2015-12-02,27.1,27.442,27.707,32.435
2015-12-03,26.98,27.2631,27.514,32.166
2015-12-04,26.78,27.1026,27.328,31.972
2015-12-07,26.73,27.1285,27.364,32.031
2015-12-08,26.54,26.8532,27.087,31.835
2015-12-09,26.29,26.5836,26.63,31.319
2015-12-10,26.47,26.7562,26.863,31.518
2015-12-11,26.28,26.5725,26.782,31.366
2015-12-14,26.35,26.6603,26.83,31.376
2015-12-15,26.44,26.7515,27.08,31.548
2015-12-16,26.57,26.8692,27.029,31.596
2015-12-17,26.83,27.1104,27.318,32.099
2015-12-18,26.66,26.898,27.401,31.969
2015-12-21,26.82,27.0942,27.672,32.232
2015-12-22,26.72,27.0203,27.585,32.198
2015-12-23,26.9,27.1546,27.884,32.405
2015-12-24,26.9,27.156,27.957,32.479
2015-12-28,27.05,27.3046,28.085,32.555
2015-12-29,27.06,27.3517,28.075,32.624
2015-12-30,26.99,27.2619,28.024,32.649
2015-12-31,27.07,27.3017,27.998,32.782
2016-01-01,27.17,27.3761,28.187,32.941
2016-01-04,26.83,27.0179,27.81,32.52
2016-01-05,26.81,27.095,27.979,32.65
2016-01-06,26.7,27.0492,27.952,32.594
2016-01-07,26.28,26.7096,27.268,31.834
2016-01-08,26.43,26.8259,27.551,32.164
2016-01-11,26.31,26.6464,27.318,31.898
2016-01-12,26.21,26.4898,27.114,31.628
2016-01-13,26.27,26.4711,26.68,31.587
2016-01-14,26.16,26.4616,26.374,31.256
2016-01-15,25.84,26.142,25.596,30.646
2016-01-18,25.56,25.8302,24.596,29.738
2016-01-19,25.78,26.0653,25.01,30.019
2016-01-20,25.53,25.7789,24.471,29.566
2016-01-21,25.5,25.6842,24.622,29.681
2016-01-22,25.83,26.0342,25.288,30.25
2016-01-25,25.9,26.1017,25.411,30.354
2016-01-27,25.9,26.1976,25.563,30.431
2016-01-28,25.83,26.1829,25.434,30.342
2016-01-29,26.14,26.5076,25.866,30.687
2016-02-01,26.18,26.5121,25.991,30.717
2016-02-02,25.88,26.3125,25.623,30.258
2016-02-03,25.58,26.0016,25.277,29.812
2016-02-04,25.72,26.144,25.121,29.792
2016-02-05,25.97,26.3652,25.535,30.118
2016-02-08,25.78,26.2287,25.448,29.985
2016-02-09,25.46,26.1085,25.095,29.666
2016-02-10,25.28,25.8478,24.667,29.302
2016-02-11,24.67,25.3856,23.676,28.36
2016-02-12,24.58,25.4043,23.509,28.009
2016-02-15,25.07,25.8245,24.203,28.808
2016-02-16,24.72,25.5345,23.662,28.242
2016-02-17,24.78,25.5995,23.798,28.373
2016-02-18,25.04,25.8433,23.789,28.542
2016-02-19,25.09,25.9456,23.803,28.504
2016-02-22,25.1,25.9868,23.811,28.764
2016-02-23,24.75,25.7748,23.477,28.48
2016-02-24,24.52,25.5551,23.188,28.244
2016-02-25,24.35,25.4352,22.924,27.915
2016-02-26,24.52,25.5853,22.88,27.976
2016-02-29,24.51,25.4536,22.976,28.152
2016-03-01,25.08,26.0187,23.803,28.913
2016-03-02,25.42,26.2608,24.235,29.452
2016-03-03,25.62,26.6106,24.494,29.778
2016-03-04,25.69,26.6957,24.79,29.966
2016-03-08,25.69,26.7231,24.762,29.973
2016-03-09,25.78,26.7653,24.81,29.936
2016-03-10,25.66,26.6563,24.792,29.838
2016-03-11,25.69,26.7614,24.837,29.857
2016-03-14,25.84,26.8172,25.014,30.084
2016-03-15,25.68,26.577,24.887,29.923
2016-03-16,25.78,26.6675,24.913,29.93
2016-03-17,25.9,26.8106,24.97,30.133
2016-03-18,26.11,26.9911,25.169,30.399
2016-03-21,26.38,27.2151,25.486,30.651
2016-03-22,26.41,27.2873,25.611,30.647
2016-03-23,26.43,27.2048,25.772,30.581
2016-03-28,26.2,26.8416,25.4,30.224
2016-03-29,26.11,26.8409,25.458,30.197
2016-03-30,26.48,27.2449,25.841,30.596
2016-03-31,26.53,27.2721,25.97,30.761
2016-04-01,26.51,27.2195,26.101,30.814
2016-04-04,26.64,27.2717,26.285,30.885
2016-04-05,26.27,26.9765,25.923,30.519
2016-04-06,26.29,27.0255,26.018,30.655
2016-04-07,26.22,26.9352,26.031,30.546
2016-04-08,26.29,26.997,26.159,30.627
2016-04-11,26.54,27.2534,26.324,30.845
2016-04-12,26.6,27.4614,26.649,31.225
2016-04-13,26.92,27.7633,27.002,31.652
2016-04-18,27.14,27.8775,27.237,32.02
2016-04-20,27.25,28.0224,27.247,32.146
2016-04-21,27.2,28.0355,27.2,32.324
2016-04-22,27.22,27.9845,27.245,32.27
2016-04-25,27.16,27.7941,27.074,32.203
2016-04-26,27.35,27.9803,27.182,32.341
2016-04-27,27.38,28.0798,27.127,32.414
2016-04-28,27.12,27.8112,26.863,31.999
2016-04-29,27.13,27.8568,26.741,31.999
2016-05-02,27.12,27.8678,26.995,32.092
2016-05-03,26.97,27.7017,26.937,32.008
2016-05-04,26.84,27.5231,26.825,31.745
2016-05-05,26.9,27.5987,26.773,31.734
2016-05-06,26.89,27.6312,26.822,31.827
2016-05-09,27.13,27.9311,27.113,32.175
2016-05-10,27.16,27.9473,27.175,32.139
2016-05-11,27.09,27.9033,27.171,32.249
2016-05-12,27.22,28.0334,27.387,32.56
2016-05-13,27.12,27.9368,27.332,32.512
2016-05-16,27.15,28.0049,27.295,32.562
2016-05-17,27.26,28.0561,27.383,32.608
2016-05-18,27.22,28.0557,27.433,32.625
2016-05-19,27.05,27.7988,27.172,32.401
2016-05-20,26.95,27.7342,26.983,32.204
2016-05-23,26.92,27.6011,26.886,32.11
2016-05-24,26.97,27.6056,26.805,31.919
2016-05-25,27.34,27.9153,27.026,32.449
2016-05-26,27.59,28.1864,27.231,32.724
2016-05-27,27.71,28.2845,27.471,32.966
2016-05-30,27.81,28.3885,27.621,33.126
2016-05-31,27.76,28.3455,27.595,33.091
2016-06-01,27.8,28.4174,27.687,33.116
2016-06-02,27.87,28.4591,27.79,33.412
2016-06-03,27.86,28.4486,27.71,33.536
2016-06-06,27.81,28.5416,27.672,33.555
2016-06-07,27.94,28.6564,27.769,33.871
2016-06-08,28.0,28.7127,28.074,34.047
2016-06-09,27.98,28.622,27.96,34.026
2016-06-10,27.94,28.6018,27.94,33.886
2016-06-13,27.82,28.5154,27.825,33.739
2016-06-14,27.87,28.5038,27.947,33.853
2016-06-15,28.09,28.7177,28.122,34.19
2016-06-16,27.99,28.6575,28.159,33.944
2016-06-17,28.05,28.6581,28.167,34.008
2016-06-20,28.15,28.8026,28.131,33.992
2016-06-21,28.13,28.8443,28.141,33.95
2016-06-22,28.15,28.7401,28.145,33.911
2016-06-23,28.22,28.8208,28.139,34.039
2016-06-24,27.88,28.5359,27.732,33.761
2016-06-27,27.97,28.7432,28.062,34.088
2016-06-28,28.07,28.7794,28.186,34.257
2016-06-29,28.27,28.9961,28.531,34.568
2016-06-30,28.5,29.1046,28.877,34.897
2016-07-01,28.69,29.2441,29.108,35.1
2016-07-04,28.8,29.4794,29.379,35.245
2016-07-05,28.73,29.4065,29.39,35.099
2016-07-07,28.72,29.6232,29.353,35.082
2016-07-08,28.67,29.5965,29.362,35.03
2016-07-11,28.9,29.8826,29.655,35.331
2016-07-12,29.04,29.9785,29.666,35.48
2016-07-13,29.02,29.9342,29.57,35.395
2016-07-14,29.1,29.9598,29.795,35.673
2016-07-15,29.07,29.899,29.718,35.559
2016-07-18,29.0,29.8458,29.472,35.428
2016-07-19,29.06,29.8894,29.431,35.529
2016-07-20,29.2,30.0367,29.731,35.904
2016-07-21,29.14,29.9456,29.756,35.807
2016-07-22,29.22,30.0479,29.966,36.112
2016-07-25,29.39,30.2474,30.217,36.433
2016-07-26,29.33,30.136,30.136,36.079
2016-07-27,29.38,30.1982,30.138,36.409
2016-07-28,29.5,30.3234,30.363,36.541
2016-07-29,29.52,30.2524,30.377,36.747
2016-08-01,29.56,30.264,30.448,36.827
2016-08-02,29.55,30.2192,30.302,36.58
2016-08-03,29.42,30.1539,29.865,36.109
2016-08-04,29.45,30.1657,30.048,36.314
2016-08-05,29.68,30.4701,30.433,36.997
2016-08-08,29.74,30.4841,30.543,37.356
2016-08-09,29.7,30.3942,30.454,37.124
2016-08-10,29.48,30.1747,30.12,36.763
2016-08-11,29.53,30.1718,30.131,36.828
2016-08-12,29.59,30.1452,30.293,36.898
2016-08-16,29.61,30.0453,30.342,37.165
2016-08-17,29.66,30.0504,30.593,37.379
2016-08-18,29.73,30.1888,30.837,37.747
2016-08-19,29.72,30.2868,30.978,37.913
2016-08-22,29.66,30.0728,30.915,37.689
2016-08-23,29.62,30.0822,30.935,37.624
2016-08-24,29.73,30.2002,31.143,38.028
2016-08-25,29.66,30.081,31.147,37.875
2016-08-26,29.64,30.0703,31.073,37.985
2016-08-29,29.64,30.088,31.131,38.08
2016-08-30,29.88,30.3804,31.44,38.416
2016-08-31,29.96,30.469,31.617,38.55
2016-09-01,29.94,30.3692,31.536,38.441
2016-09-02,29.98,30.4434,31.711,38.626
2016-09-06,30.22,30.6718,31.982,39.114
2016-09-07,30.26,30.6814,32.043,39.107
2016-09-08,30.37,30.7576,32.29,39.282
2016-09-09,30.24,30.6054,32.022,39.052
2016-09-12,29.97,30.298,31.231,38.095
2016-09-14,29.99,30.323,31.51,38.396
2016-09-15,30.03,30.4184,31.513,38.446
2016-09-16,30.14,30.4168,31.416,38.478
2016-09-19,30.18,30.5134,31.512,38.833
2016-09-20,30.21,30.5525,31.605,38.7
2016-09-21,30.22,30.5648,31.733,38.682
2016-09-22,30.39,30.7662,32.154,39.159
2016-09-23,30.35,30.7334,32.092,39.205
2016-09-26,30.18,30.5788,31.93,39.077
2016-09-27,30.18,30.5564,31.94,39.049
2016-09-28,30.19,30.6412,32.301,39.443
2016-09-29,29.79,30.2551,31.042,38.47
2016-09-30,29.89,30.4618,31.637,38.995
2016-10-03,30.23,30.7967,32.34,39.898
2016-10-04,30.32,30.8394,32.566,40.213
2016-10-05,30.36,30.8329,32.725,40.404
2016-10-06,30.31,30.7647,32.495,40.369
2016-10-07,30.25,30.7425,32.47,40.349
2016-10-10,30.27,30.7918,32.527,40.47
2016-10-13,30.04,30.5064,32.11,39.954
2016-10-14,30.06,30.5525,32.347,40.25
2016-10-17,29.94,30.3355,32.067,39.949
2016-10-18,30.27,30.6177,32.575,40.54
2016-10-19,30.31,30.6495,32.665,40.566
2016-10-20,30.35,30.7156,32.766,40.712
2016-10-21,30.41,30.7146,32.75,40.912
2016-10-24,30.41,30.7031,32.945,40.988
2016-10-25,30.39,30.645,32.983,41.119
2016-10-26,30.27,30.4723,32.766,40.722
2016-10-27,30.21,30.4105,32.459,40.238
2016-10-28,30.3,30.5101,32.572,40.579
2016-11-01,30.35,30.5836,32.613,40.797
2016-11-02,30.1,30.3584,32.012,40.125
2016-11-03,29.99,30.2172,31.633,39.693
2016-11-04,29.79,30.0732,31.095,39.155
2016-11-07,29.97,30.2005,31.51,39.584
2016-11-08,29.99,30.2816,31.574,39.885
2016-11-09,29.79,30.2643,31.022,39.369
2016-11-10,30.11,30.4878,31.695,39.997
2016-11-11,29.58,29.9965,30.734,38.573
2016-11-15,29.17,29.5756,29.56,37.154
2016-11-16,29.25,29.5412,29.764,37.172
2016-11-17,29.18,29.4649,29.703,37.121
2016-11-18,29.18,29.3886,29.892,37.059
2016-11-21,28.91,29.0891,29.067,36.132
2016-11-22,29.08,29.2417,29.404,36.58
2016-11-23,29.23,29.3288,29.646,36.882
2016-11-24,29.12,29.1722,29.537,36.615
2016-11-25,29.46,29.5627,30.111,37.161
2016-11-28,29.47,29.5853,30.118,37.449
2016-11-29,29.52,29.6517,30.276,37.672
2016-11-30,29.76,29.795,30.618,38.181
2016-12-01,29.67,29.6882,30.736,37.864
2016-12-02,29.45,29.472,30.368,37.281
2016-12-05,29.57,29.5355,30.424,37.335
2016-12-06,29.54,29.5844,30.511,37.505
2016-12-07,29.39,29.4385,30.372,37.408
2016-12-08,29.7,29.7102,30.606,37.919
2016-12-09,29.7,29.7416,30.701,37.995
2016-12-12,29.52,29.5428,30.42,37.563
2016-12-13,29.59,29.6065,30.463,37.541
2016-12-14,29.42,29.4985,30.228,37.219
2016-12-15,29.33,29.3907,30.149,37.227
2016-12-16,29.32,29.355,30.184,37.166
2016-12-19,29.22,29.3312,30.052,37.028
2016-12-20,29.15,29.2553,29.851,36.709
2016-12-21,29.12,29.2269,29.706,36.698
2016-12-22,28.93,28.9987,29.359,36.227
2016-12-23,28.93,29.0519,29.423,36.211
2016-12-26,28.76,28.7692,28.903,35.682
2016-12-27,29.01,29.067,29.217,36.19
2016-12-28,29.11,29.1098,29.364,36.436
2016-12-29,29.34,29.2769,29.558,36.775
2016-12-30,29.48,29.4869,29.896,37.067
2017-01-02,29.56,29.5595,30.077,37.304
2017-01-03,29.65,29.6515,30.322,37.514
2017-01-04,29.62,29.704,30.404,37.457
2017-01-05,29.79,29.898,30.675,37.93
2017-01-06,29.73,29.8,30.673,37.869
2017-01-09,29.72,29.73,30.751,37.834
2017-01-10,29.77,29.8354,30.799,38.099
2017-01-11,29.97,30.1196,31.198,38.676
2017-01-12,30.05,30.1955,31.133,38.627
2017-01-13,30.03,30.1388,31.119,38.583
2017-01-16,30.05,30.2055,31.242,38.728
2017-01-17,30.07,30.1824,31.269,38.689
2017-01-18,30.15,30.2491,31.297,38.926
2017-01-19,30.19,30.3548,31.295,39.154
2017-01-20,29.99,30.1591,31.02,38.706
2017-01-23,30.02,30.2446,31.145,38.847
2017-01-24,30.18,30.4756,31.272,39.278
2017-01-25,30.33,30.6412,31.637,39.854
2017-01-27,30.44,30.6978,31.868,40.019
2017-01-30,30.47,30.7763,31.723,39.967
2017-01-31,30.31,30.5338,31.443,39.594
2017-02-01,30.52,30.8272,31.925,40.368
2017-02-02,30.67,30.9387,32.183,40.7
2017-02-03,30.77,31.0328,32.438,40.995
2017-02-06,30.95,31.1707,32.752,41.323
2017-02-07,30.87,31.1167,32.586,41.282
2017-02-08,30.82,31.1503,32.704,41.439
2017-02-09,30.78,31.1901,32.721,41.484
2017-02-10,30.84,31.127,32.787,41.679
2017-02-13,30.85,31.1286,32.693,41.738
2017-02-14,30.79,31.1266,32.621,41.623
2017-02-15,30.67,30.9138,32.184,41.1
2017-02-16,30.82,31.122,32.503,41.53
2017-02-17,30.91,31.2657,32.561,41.692
2017-02-20,31.0,31.4172,32.859,42.154
2017-02-21,31.07,31.4643,32.969,42.383
2017-02-22,31.05,31.3819,32.786,42.1
2017-02-23,31.08,31.3782,32.785,42.186
2017-02-27,31.02,31.3368,32.872,42.166
2017-02-28,31.03,31.3208,33.057,42.287
2017-03-01,31.12,31.3703,33.253,42.415
2017-03-02,31.0,31.2125,32.938,41.992
2017-03-03,31.01,31.3133,32.96,42.029
2017-03-06,31.08,31.3942,32.943,42.254
2017-03-07,31.03,31.3524,32.987,42.265
2017-03-08,30.98,31.2377,32.991,42.038
2017-03-09,30.97,31.213,32.894,41.999
2017-03-10,30.98,31.1774,32.988,41.856
2017-03-14,31.24,31.4021,33.31,42.514
2017-03-15,31.27,31.465,33.592,42.742
2017-03-16,31.46,31.6222,33.968,43.222
2017-03-17,31.47,31.5713,33.791,43.181
2017-03-20,31.43,31.5233,33.892,43.238
2017-03-21,31.42,31.5239,33.815,43.219
2017-03-22,31.37,31.4169,33.559,42.869
2017-03-23,31.47,31.558,33.831,43.16
2017-03-24,31.5,31.5829,34.191,43.216
2017-03-27,31.43,31.5041,34.12,43.105
2017-03-28,31.52,31.598,34.175,43.337
2017-03-29,31.62,31.6661,34.285,43.669
2017-03-30,31.71,31.7226,34.593,43.969
2017-03-31,31.71,31.7814,35.014,44.311
2017-04-03,31.78,31.8844,35.532,44.545
2017-04-05,31.92,31.9292,35.859,44.807
2017-04-06,31.88,31.8954,35.738,44.771
2017-04-07,31.81,31.7782,35.566,44.5
2017-04-10,31.89,31.7835,35.762,44.743
2017-04-11,32.0,31.9034,36.061,45.047
2017-04-12,31.96,31.8668,35.925,44.857
2017-04-13,31.94,31.8399,35.929,44.777
2017-04-17,31.85,31.9094,36.044,45.005
2017-04-18,31.77,31.8659,35.776,44.857
2017-04-19,31.83,31.964,36.011,45.175
2017-04-20,31.87,32.071,36.209,45.554
2017-04-21,31.81,32.031,36.325,45.48
2017-04-24,31.91,32.2052,36.789,45.787
2017-04-25,32.08,32.3578,37.029,46.059
2017-04-26,32.08,32.3747,37.159,46.143
2017-04-27,32.05,32.3735,37.143,46.234
2017-04-28,32.1,32.4063,37.465,46.452
2017-05-02,32.08,32.3764,37.627,46.601
2017-05-03,32.06,32.3486,37.694,46.472
2017-05-04,32.16,32.4744,37.896,46.925
2017-05-05,32.02,32.3502,37.677,46.75
2017-05-08,32.12,32.4364,37.847,46.94
2017-05-09,32.12,32.4646,38.003,47.078
2017-05-10,32.27,32.6007,38.361,47.467
2017-05-11,32.22,32.5529,38.339,47.607
2017-05-12,32.23,32.5624,38.142,47.206
2017-05-15,32.43,32.694,38.454,47.762
2017-05-16,32.52,32.7641,38.716,48.015
2017-05-17,32.5,32.7804,38.573,48.099
2017-05-18,32.3,32.6181,38.079,47.067
2017-05-19,32.3,32.529,37.743,46.72
2017-05-22,32.25,32.3798,37.27,46.189
2017-05-23,32.13,32.2273,36.781,45.489
2017-05-24,32.0,32.0606,36.417,45.204
2017-05-25,32.16,32.3265,37.072,45.895
2017-05-26,32.29,32.5032,37.516,46.779
2017-05-29,32.16,32.3831,36.966,46.319
2017-05-30,32.26,32.5163,37.182,46.784
2017-05-31,32.36,32.6198,37.566,47.228
2017-06-01,32.41,32.6427,37.784,47.495
2017-06-02,32.51,32.7021,38.024,47.778
2017-06-05,32.57,32.7658,38.212,47.965
2017-06-06,32.55,32.678,38.057,47.818
2017-06-07,32.65,32.7394,38.143,48.071
2017-06-08,32.7,32.7367,38.225,48.116
2017-06-09,32.75,32.7414,38.344,48.265
2017-06-12,32.71,32.6328,38.195,47.854
2017-06-13,32.72,32.5948,38.245,47.953
2017-06-14,32.73,32.5807,38.526,48.1
2017-06-15,32.7,32.5342,38.628,48.016
2017-06-16,32.7,32.5581,38.702,48.093
2017-06-19,32.78,32.6121,38.867,47.993
2017-06-20,32.82,32.6789,38.871,48.22
2017-06-21,32.81,32.6212,38.89,48.057
2017-06-22,32.75,32.5576,38.754,47.84
2017-06-23,32.61,32.4333,38.346,47.403
2017-06-27,32.51,32.395,37.737,46.881
2017-06-28,32.54,32.4452,37.736,47.005
2017-06-29,32.56,32.51,38.013,47.2
2017-06-30,32.63,32.609,38.281,47.431
2017-07-03,32.7,32.7946,38.738,47.969
2017-07-04,32.66,32.7233,38.705,47.83
2017-07-05,32.74,32.8816,38.84,48.355
2017-07-06,32.83,32.8854,39.27,48.364
2017-07-07,32.83,32.809,39.538,48.316
2017-07-10,32.98,32.9659,39.719,48.631
2017-07-11,32.93,32.9245,39.513,48.359
2017-07-12,33.05,32.9946,39.728,48.831
2017-07-13,33.17,33.102,40.173,49.185
2017-07-14,33.14,33.0619,40.106,49.129
2017-07-17,33.22,33.1197,40.019,49.216
2017-07-18,33.22,33.0059,39.717,48.877
2017-07-19,33.39,33.1897,40.016,49.237
2017-07-20,33.37,33.1391,39.913,49.065
2017-07-21,33.43,33.1362,39.873,49.051
2017-07-24,33.49,33.1912,39.852,49.127
2017-07-25,33.46,33.2405,39.873,49.341
2017-07-26,33.48,33.2997,39.962,49.417
2017-07-27,33.43,33.2049,39.723,49.278
2017-07-28,33.41,33.1268,39.754,49.288
2017-07-31,33.5,33.2209,39.804,49.493
2017-08-01,33.57,33.2995,39.741,49.641
2017-08-02,33.57,33.2035,39.531,49.602
2017-08-03,33.48,33.1213,39.253,49.309
2017-08-04,33.62,33.2082,39.157,49.527
2017-08-07,33.76,33.2799,39.412,50.044
2017-08-08,33.66,33.0785,39.116,49.466
2017-08-09,33.46,32.9241,38.69,48.534
2017-08-10,33.21,32.6906,37.669,47.152
2017-08-11,33.08,32.5763,37.565,47.138
2017-08-14,33.3,32.8535,38.253,48.23
2017-08-16,33.52,33.0324,38.488,48.736
2017-08-17,33.49,33.1268,38.919,48.714
2017-08-18,33.49,33.0002,38.692,48.611
2017-08-21,33.34,32.7936,38.472,47.979
2017-08-22,33.3,32.793,38.32,47.775
2017-08-23,33.41,32.9612,38.61,48.266
2017-08-24,33.46,33.0415,38.545,48.327
2017-08-28,33.56,33.2087,38.862,48.698
2017-08-29,33.4,33.0578,38.646,48.241
2017-08-30,33.53,33.2067,39.083,48.721
2017-08-31,33.6,33.2193,39.244,49.004
2017-09-01,33.71,33.4127,39.621,49.515
2017-09-04,33.63,33.3653,39.285,49.244
2017-09-05,33.69,33.3971,39.394,49.519
2017-09-06,33.72,33.3719,39.331,49.624
2017-09-07,33.79,33.4432,39.554,49.862
2017-09-08,33.8,33.4605,39.504,49.976
2017-09-11,33.92,33.5947,39.618,50.516
2017-09-12,34.06,33.7264,40.021,51.077
2017-09-13,34.0,33.6376,39.803,50.557
2017-09-14,34.02,33.6438,39.992,50.821
2017-09-15,34.04,33.677,39.983,50.845
2017-09-18,34.09,33.708,40.638,51.136
2017-09-19,34.12,33.7407,40.62,51.359
2017-09-20,34.08,33.7562,40.621,51.18
2017-09-21,34.01,33.7127,40.519,51.1
2017-09-22,33.74,33.3223,39.813,49.623
2017-09-25,33.62,33.1252,39.649,48.863
2017-09-26,33.69,33.2118,39.827,49.256
2017-09-27,33.47,33.002,39.165,48.499
2017-09-28,33.59,33.0985,39.452,48.772
2017-09-29,33.72,33.2185,39.885,49.255
2017-10-03,33.82,33.3022,40.164,49.576
2017-10-04,33.81,33.3188,40.331,49.943
2017-10-05,33.79,33.3224,40.641,50.15
2017-10-06,33.93,33.4911,40.96,50.595
2017-10-09,33.94,33.4989,41.034,50.643
2017-10-10,34.01,33.5455,41.213,51.107
2017-10-11,33.97,33.472,41.011,50.813
2017-10-12,34.12,33.6067,41.362,51.24
2017-10-13,34.18,33.6578,41.485,51.376
2017-10-16,34.21,33.7965,41.955,51.634
2017-10-17,34.27,33.7986,42.088,51.916
2017-10-18,34.17,33.7196,42.034,51.77
2017-10-23,34.18,33.7671,42.073,51.506
2017-10-24,34.26,33.8784,42.332,51.549
2017-10-25,34.56,34.1477,42.539,51.525
2017-10-26,34.66,34.2703,42.902,51.594
2017-10-27,34.62,34.2992,43.103,51.777
2017-10-30,34.75,34.4047,43.459,52.255
2017-10-31,34.78,34.343,43.579,52.353
2017-11-01,34.89,34.4599,43.664,52.714
2017-11-02,34.89,34.4909,44.0,52.776
2017-11-03,34.92,34.499,44.081,52.707
2017-11-06,34.95,34.5674,44.214,52.653
2017-11-07,34.75,34.3925,44.003,52.051
2017-11-08,34.73,34.376,43.887,51.799
2017-11-09,34.78,34.423,44.252,52.204
2017-11-10,34.86,34.4842,44.11,52.226
2017-11-13,34.77,34.3221,43.886,52.018
2017-11-14,34.68,34.1994,43.93,51.939
2017-11-15,34.59,34.0874,43.512,51.524
2017-11-16,34.68,34.2162,43.988,51.949
2017-11-17,34.8,34.3596,44.194,52.427
2017-11-20,34.86,34.4621,44.428,52.936
2017-11-21,34.9,34.4925,44.778,53.026
2017-11-22,34.88,34.5065,45.005,53.178
2017-11-23,34.89,34.5176,45.249,53.321
2017-11-24,34.94,34.5419,45.519,53.501
2017-11-27,35.04,34.5819,45.763,53.682
2017-11-28,35.06,34.5305,46.178,53.764
2017-11-29,35.09,34.5154,46.168,53.638
2017-11-30,35.0,34.4008,46.195,53.354
2017-12-01,34.9,34.2054,45.86,52.811
2017-12-04,34.96,34.1831,45.516,52.633
2017-12-05,34.93,34.0976,45.389,52.666
2017-12-06,34.84,33.9757,45.303,52.263
2017-12-07,35.03,34.2042,45.756,52.912
2017-12-08,35.17,34.3382,45.956,53.416
2017-12-11,35.22,34.4041,46.024,53.51
2017-12-12,35.13,34.2582,45.842,53.33
2017-12-13,35.03,34.1468,45.578,52.941
2017-12-14,35.08,34.2067,45.389,53.114
2017-12-15,35.21,34.3187,45.998,53.786
2017-12-18,35.31,34.4247,46.189,54.192
2017-12-19,35.47,34.617,46.99,54.701
2017-12-20,35.45,34.6111,47.219,54.653
2017-12-21,35.47,34.6772,47.674,55.021
2017-12-22,35.52,34.7519,48.356,55.154
2017-12-26,35.55,34.8043,48.678,55.378
2017-12-27,35.51,34.7824,48.247,55.309
2017-12-28,35.45,34.7773,48.363,55.315
2017-12-29,35.55,34.8661,48.625,55.669
2018-01-01,35.49,34.8165,48.789,55.367
2018-01-02,35.43,34.8108,48.613,55.073
2018-01-03,35.46,34.7911,49.006,55.284
2018-01-04,35.53,34.9676,49.663,55.765
2018-01-05,35.68,35.0877,49.809,56.496
2018-01-08,35.75,35.2243,50.213,56.699
2018-01-09,35.76,35.227,50.165,56.852
2018-01-10,35.74,35.1773,50.215,56.636
2018-01-11,35.74,35.2198,50.354,56.624
2018-01-12,35.73,35.2872,50.424,56.827
2018-01-15,35.7,35.3241,50.48,56.935
2018-01-16,35.56,35.1516,49.666,56.027
2018-01-17,35.71,35.3245,49.916,56.241
2018-01-18,35.6,35.2174,49.08,55.514
2018-01-19,35.66,35.3205,49.377,56.027
2018-01-22,35.7,35.3613,49.561,56.131
2018-01-23,35.8,35.5539,49.735,56.552
2018-01-24,35.77,35.5921,49.778,56.299
2018-01-25,35.67,35.5857,49.33,55.893
2018-01-29,35.59,35.5208,48.736,55.655
2018-01-30,35.53,35.4499,48.669,55.131
2018-01-31,35.49,35.3284,48.139,54.687
2018-02-01,35.48,35.2841,48.192,54.748
2018-02-02,35.19,34.8601,46.8,52.844
2018-02-05,35.17,34.8492,46.653,52.193
2018-02-06,35.06,34.6387,46.135,51.092
2018-02-07,35.2,34.6857,47.056,51.52
2018-02-08,35.39,34.8908,47.708,52.38
2018-02-09,35.33,34.7996,47.82,52.282
2018-02-12,35.44,34.9051,48.434,52.887
2018-02-14,35.39,34.9192,48.89,52.739
2018-02-15,35.32,34.8875,48.569,52.557
2018-02-16,35.2,34.7358,48.242,52.033
2018-02-19,35.09,34.5243,47.737,51.532
2018-02-20,35.08,34.5231,47.701,51.494
2018-02-21,35.04,34.5149,47.782,51.362
2018-02-22,34.97,34.4737,47.744,51.134
2018-02-23,35.16,34.7421,48.068,51.979
2018-02-26,35.29,34.8675,48.16,52.585
2018-02-27,35.27,34.8269,48.121,52.363
2018-02-28,35.24,34.7324,48.236,52.326
2018-03-01,35.21,34.72,48.178,52.056
2018-03-05,35.08,34.6295,47.761,51.499
2018-03-06,34.98,34.4506,47.303,51.044
2018-03-07,34.9,34.3013,46.682,50.325
2018-03-08,35.01,34.3703,46.941,50.664
2018-03-09,35.02,34.3411,46.91,50.438
2018-03-12,35.18,34.5551,47.037,50.928
2018-03-13,35.28,34.6365,47.394,51.254
2018-03-14,35.28,34.6585,47.619,51.305
2018-03-15,35.25,34.7117,47.695,51.278
2018-03-16,35.08,34.4756,47.321,50.614
2018-03-19,34.91,34.2825,46.495,49.91
2018-03-20,34.98,34.3644,46.539,49.978
2018-03-21,35.0,34.414,46.812,49.98
2018-03-22,34.95,34.3375,46.49,49.747
2018-03-23,34.85,34.2074,45.974,49.157
2018-03-26,35.02,34.2985,46.208,49.655
2018-03-27,35.27,34.4373,46.826,50.139
2018-03-28,35.19,34.3295,46.622,49.85
2018-04-02,35.36,34.5632,47.39,50.684
2018-04-03,35.47,34.6624,48.13,51.201
2018-04-04,35.34,34.5374,47.858,50.568
2018-04-05,35.59,34.7601,48.467,51.549
2018-04-06,35.63,34.8468,48.549,51.857
2018-04-09,35.72,34.8558,48.808,51.998
2018-04-10,35.68,34.8428,48.575,51.975
2018-04-11,35.65,34.8618,48.721,52.023
2018-04-12,35.67,34.9166,48.617,52.027
2018-04-13,35.68,34.9194,48.889,52.229
2018-04-16,35.76,34.9766,48.909,52.352
2018-04-17,35.82,35.0265,49.186,52.425
2018-04-18,35.78,35.0037,49.202,52.236
2018-04-19,35.82,35.0525,49.539,52.574
2018-04-20,35.79,35.085,49.89,52.287
2018-04-23,35.88,35.1678,50.373,52.531
2018-04-24,35.89,35.1431,50.448,52.574
2018-04-25,35.83,35.1145,50.091,52.194
2018-04-26,35.81,35.1639,50.294,52.459
2018-04-27,35.86,35.2394,50.185,52.893
2018-04-30,35.93,35.327,50.678,53.3
2018-05-02,35.83,35.1887,50.222,52.908
2018-05-03,35.74,35.0849,49.994,52.509
2018-05-04,35.63,34.9378,49.828,52.594
2018-05-07,35.78,35.0864,49.92,53.039
2018-05-08,35.81,35.1445,50.113,53.136
2018-05-09,35.72,35.0896,50.004,53.06
2018-05-10,35.67,34.9615,49.454,52.478
2018-05-11,35.73,35.05,49.437,52.929
2018-05-14,35.71,34.9915,49.273,52.561
2018-05-15,35.67,34.9474,49.092,52.216
2018-05-16,35.62,34.8364,48.888,51.921
2018-05-17,35.6,34.7826,48.76,52.047
2018-05-18,35.51,34.6235,48.202,51.238
2018-05-21,35.37,34.4703,47.662,50.644
2018-05-22,35.47,34.5342,47.996,50.892
2018-05-23,35.38,34.4835,47.815,50.462
2018-05-24,35.4,34.6013,47.827,50.457
2018-05-25,35.61,34.8553,48.282,51.263
2018-05-28,35.8,35.1095,48.971,51.94
2018-05-29,35.77,34.9812,48.96,51.627
2018-05-30,35.75,35.0496,48.87,51.674
2018-05-31,35.85,35.1452,48.733,51.872
2018-06-01,35.69,34.8969,48.314,51.348
2018-06-04,35.56,34.6968,47.764,50.802
2018-06-05,35.48,34.5668,46.542,50.496
2018-06-06,35.6,34.7179,47.087,50.922
2018-06-07,35.7,34.8345,47.84,51.487
2018-06-08,35.77,34.9498,48.22,51.61
2018-06-11,35.78,34.999,48.355,51.658
2018-06-12,35.83,35.0503,48.697,51.959
2018-06-13,35.85,35.0668,48.552,51.815
2018-06-14,35.83,35.004,48.426,51.821
2018-06-15,35.8,34.9931,48.335,51.669
2018-06-18,35.8,35.0353,48.036,51.661
2018-06-19,35.69,34.8217,47.555,51.085
2018-06-20,35.7,34.8578,47.567,51.282
2018-06-21,35.68,34.7991,47.315,51.053
2018-06-22,35.73,34.8959,47.209,51.108
2018-06-25,35.65,34.7227,46.921,50.7
2018-06-26,35.64,34.6958,46.58,50.668
2018-06-27,35.47,34.567,45.892,49.995
2018-06-28,35.38,34.4216,45.191,49.408
2018-06-29,35.55,34.5834,45.784,50.134
2018-07-02,35.48,34.447,45.572,49.855
2018-07-03,35.54,34.5523,45.72,50.163
2018-07-04,35.63,34.6002,45.742,50.284
2018-07-05,35.59,34.548,45.591,50.07
2018-07-06,35.62,34.5536,45.757,50.23
2018-07-09,35.75,34.7535,46.248,50.84
2018-07-10,35.89,34.8582,46.612,51.176
2018-07-11,35.8,34.7895,46.489,50.979
2018-07-12,35.85,34.8176,46.465,51.045
2018-07-13,35.74,34.7298,46.116,50.661
2018-07-16,35.6,34.4098,45.362,49.741
2018-07-17,35.72,34.59,45.661,50.564
2018-07-18,35.67,34.4361,45.301,50.155
2018-07-19,35.62,34.3452,44.901,49.921
2018-07-20,35.73,34.4601,45.071,50.163
2018-07-23,35.85,34.5489,45.411,50.724
2018-07-24,35.98,34.8579,46.311,51.155
2018-07-25,35.93,34.8273,46.4,51.326
2018-07-26,36.0,34.8747,46.779,51.566
2018-07-27,36.13,35.0867,47.216,52.154
2018-07-30,36.2,35.2042,47.501,52.31
2018-07-31,36.25,35.2077,47.313,52.663
2018-08-01,36.23,35.1958,47.289,52.683
2018-08-02,36.18,35.1176,47.25,52.7
2018-08-03,36.3,35.2425,47.775,53.102
2018-08-06,36.37,35.2923,47.804,53.49
2018-08-07,36.36,35.2383,47.498,53.57
2018-08-08,36.39,35.2463,47.607,53.812
2018-08-09,36.43,35.3223,47.795,54.021
2018-08-10,36.39,35.2271,47.46,53.78
2018-08-13,36.26,35.1701,47.119,53.565
2018-08-14,36.35,35.2599,47.024,54.136
2018-08-16,36.31,35.2704,47.102,53.804
2018-08-17,36.41,35.4092,47.592,54.401
2018-08-20,36.48,35.4417,47.649,54.744
2018-08-21,36.55,35.5396,47.867,54.771
2018-08-23,36.56,35.5868,47.891,54.7
2018-08-24,36.54,35.5382,47.893,54.599
2018-08-27,36.67,35.7317,48.114,55.345
2018-08-28,36.66,35.7262,48.199,55.377
2018-08-29,36.63,35.7121,48.368,55.358
2018-08-30,36.65,35.8115,48.772,55.265
2018-08-31,36.69,35.892,49.072,55.352
2018-09-03,36.64,35.7801,48.869,55.152
2018-09-04,36.44,35.557,48.045,54.184
2018-09-05,36.41,35.5304,48.072,54.097
2018-09-06,36.47,35.6754,48.638,54.451
2018-09-07,36.55,35.8191,48.8,54.877
2018-09-10,36.39,35.6105,48.209,54.031
2018-09-11,36.26,35.4732,48.045,53.198
2018-09-12,36.33,35.5405,47.694,53.49
2018-09-14,36.52,35.8166,48.263,54.344
2018-09-17,36.42,35.691,48.314,53.988
2018-09-18,36.27,35.5581,47.701,53.353
2018-09-19,36.22,35.5262,47.46,53.078
2018-09-21,36.14,35.4248,46.276,52.461
2018-09-24,35.82,35.0462,45.432,51.492
2018-09-25,35.94,35.1479,45.337,51.809
2018-09-26,35.92,35.2107,45.259,51.846
2018-09-27,35.82,34.9913,44.875,51.088
2018-09-28,35.73,34.8689,44.42,50.427
2018-10-01,35.75,35.0098,44.491,50.457
2018-10-03,35.57,35.0095,44.43,50.0
2018-10-04,35.27,34.7425,43.761,49.001
2018-10-05,34.87,34.3306,42.963,47.977
2018-10-08,34.85,34.2116,42.326,47.971
2018-10-09,34.76,34.1754,42.278,47.702
2018-10-10,35.15,34.3917,43.479,49.191
2018-10-11,34.8,34.0334,42.727,48.389
2018-10-12,35.25,34.3473,43.392,49.682
2018-10-15,35.32,34.5314,43.868,49.871
2018-10-16,35.48,34.8016,44.335,50.587
2018-10-17,35.27,34.5114,43.842,49.586
2018-10-19,35.09,34.4051,43.54,49.236
2018-10-22,35.01,34.3573,43.044,48.694
2018-10-23,34.83,34.1906,42.595,48.309
2018-10-24,35.0,34.279,42.76,48.681
2018-10-25,34.84,34.0317,42.705,48.455
2018-10-26,34.73,33.9636,42.788,48.302
2018-10-29,35.12,34.3995,43.692,49.663
2018-10-30,35.1,34.3731,43.907,49.686
2018-10-31,35.43,34.6703,44.41,50.324
2018-11-01,35.44,34.6412,44.515,50.567
2018-11-02,35.81,34.8055,44.678,50.921
2018-11-05,35.8,34.7124,44.584,50.757
2018-11-06,35.75,34.6902,44.527,50.449
2018-11-09,35.89,34.8072,44.799,51.198
2018-11-12,35.66,34.5875,44.568,50.754
2018-11-13,35.82,34.6763,44.612,51.191
2018-11-14,35.84,34.6091,44.544,51.225
2018-11-15,35.91,34.6619,44.554,51.599
2018-11-16,36.04,34.6886,44.637,51.608
2018-11-19,36.16,34.8019,44.823,51.989
2018-11-20,35.99,34.589,44.529,51.354
2018-11-21,35.99,34.5724,44.572,51.527
2018-11-22,35.9,34.4309,44.547,51.051
2018-11-26,36.05,34.4579,44.374,51.439
2018-11-27,36.15,34.5098,44.509,51.556
2018-11-28,36.13,34.4779,44.348,51.494
2018-11-29,36.31,34.6355,44.444,52.204
2018-11-30,36.36,34.6979,44.736,52.144
2018-12-03,36.42,34.7089,44.746,52.355
2018-12-04,36.4,34.7451,44.818,52.361
2018-12-05,36.23,34.5166,44.434,51.774
2018-12-06,35.96,34.3314,43.806,50.876
2018-12-07,36.09,34.3922,43.849,51.226
2018-12-10,35.77,34.1784,43.136,50.298
2018-12-11,35.96,34.3403,43.633,50.955
2018-12-12,36.35,34.6586,44.574,52.176
2018-12-13,36.48,34.772,44.863,52.585
2018-12-14,36.55,34.8319,44.891,52.805
2018-12-17,36.67,34.916,44.978,53.026
2018-12-18,36.74,34.99,45.086,53.067
2018-12-19,36.93,35.1208,45.587,53.525
2018-12-20,36.89,35.1085,45.451,53.411
2018-12-21,36.67,34.8188,45.128,52.709
2018-12-24,36.46,34.7392,44.854,52.214
2018-12-26,36.58,34.7987,44.671,52.303
2018-12-27,36.64,34.8514,44.788,52.419
2018-12-28,36.81,35.0183,45.072,52.859
2018-12-31,36.85,35.037,45.374,53.027
2019-01-01,36.9,35.0692,45.501,53.034
2019-01-02,36.67,34.9442,45.341,52.389
2019-01-03,36.47,34.7705,44.997,52.033
2019-01-04,36.59,34.8418,45.112,52.33
2019-01-07,36.67,34.9093,45.164,52.617
2019-01-08,36.72,35.0026,45.287,52.672
2019-01-09,36.8,35.0578,45.404,52.873
2019-01-10,36.78,35.0714,45.458,52.842
2019-01-11,36.77,35.0604,45.465,52.673
2019-01-14,36.66,35.0116,45.323,52.476
2019-01-15,36.82,35.1687,45.533,52.824
2019-01-16,36.83,35.1979,45.54,52.885
2019-01-17,36.81,35.1881,45.514,52.757
2019-01-18,36.72,35.0209,45.087,52.619
2019-01-21,36.75,34.9401,45.045,52.543
2019-01-22,36.72,34.9496,44.908,52.762
2019-01-23,36.59,34.8172,44.736,52.597
2019-01-24,36.58,34.82,44.653,52.444
2019-01-25,36.4,34.7082,44.078,51.811
2019-01-28,36.21,34.5251,43.388,51.075
2019-01-29,36.22,34.5912,43.656,51.206
2019-01-30,36.27,34.6431,44.011,51.688
2019-01-31,36.52,34.7857,44.405,52.251
2019-02-01,36.57,34.8028,44.5,52.307
2019-02-04,36.52,34.6401,44.029,52.178
2019-02-05,36.52,34.6177,43.651,52.129
2019-02-06,36.69,34.7897,43.625,52.36
2019-02-07,36.78,34.8506,43.953,52.663
2019-02-08,36.55,34.569,43.581,52.136
2019-02-11,36.43,34.4674,43.139,51.65
2019-02-12,36.35,34.3375,43.088,51.522
2019-02-13,36.27,34.2419,43.121,51.215
2019-02-14,36.2,34.2303,43.02,51.218
2019-02-15,36.13,34.1663,42.503,50.959
2019-02-18,35.98,34.1037,42.119,50.586
2019-02-19,35.99,34.1233,42.405,50.515
2019-02-20,36.22,34.3387,42.559,51.032
2019-02-21,36.33,34.3751,42.728,51.271
2019-02-22,36.4,34.4152,42.937,51.347
2019-02-25,36.57,34.5723,43.375,51.72
2019-02-26,36.53,34.5125,43.271,51.631
2019-02-27,36.49,34.4765,43.329,51.715
2019-02-28,36.54,34.4753,43.619,51.87
2019-03-01,36.68,34.615,44.384,52.416
2019-03-05,36.96,34.7491,45.368,53.47
2019-03-06,37.06,34.8393,45.746,53.648
2019-03-07,37.05,34.8293,45.914,53.502
2019-03-08,37.07,34.7689,46.064,53.453
2019-03-11,37.36,34.9479,46.708,54.484
2019-03-12,37.53,35.1006,47.253,55.078
2019-03-13,37.53,35.1095,47.105,55.049
2019-03-14,37.53,35.107,47.08,55.131
2019-03-15,37.64,35.263,46.856,55.403
2019-03-18,37.7,35.2189,46.712,55.567
2019-03-19,37.77,35.3336,46.786,55.975
2019-03-20,37.71,35.2887,46.757,55.669
2019-03-22,37.67,35.2855,46.513,55.389
2019-03-25,37.55,35.1326,46.157,54.881
2019-03-26,37.7,35.2504,46.607,55.538
2019-03-27,37.66,35.2381,47.068,55.514
2019-03-28,37.82,35.3902,47.462,56.01
2019-03-29,37.96,35.4765,47.768,56.419
2019-04-01,38.03,35.5832,47.884,56.554
2019-04-02,38.1,35.5958,47.977,56.523
2019-04-03,37.97,35.4254,47.564,56.147
2019-04-04,37.97,35.4184,47.261,56.027
2019-04-05,38.02,35.5161,47.506,56.264
2019-04-08,37.96,35.4721,47.413,55.979
2019-04-09,38.01,35.5638,47.383,56.268
2019-04-10,37.94,35.4311,47.438,56.077
2019-04-11,37.97,35.42,47.308,56.141
2019-04-12,38.05,35.5354,47.399,56.419
2019-04-15,38.16,35.5027,47.617,56.678
2019-04-16,38.3,35.6001,47.689,57.052
2019-04-18,38.24,35.4416,47.237,56.738
2019-04-22,38.05,35.2541,46.738,55.946
2019-04-23,38.01,35.2112,46.67,55.925
2019-04-24,38.16,35.3491,46.756,56.39
2019-04-25,38.09,35.2249,46.617,55.977
2019-04-26,38.17,35.3923,46.661,56.304
2019-04-30,38.22,35.3023,46.139,56.331
2019-05-02,38.17,35.156,46.165,56.011
2019-05-03,38.19,35.1443,45.964,56.017
2019-05-06,38.06,35.0802,45.682,55.599
2019-05-07,37.99,35.0779,45.447,54.99
2019-05-08,37.83,34.7872,44.777,54.258
2019-05-09,37.76,34.7676,44.54,54.083
2019-05-10,37.73,34.7627,44.604,54.101
2019-05-13,37.5,34.5459,43.928,53.132
2019-05-14,37.6,34.7374,43.948,53.492
2019-05-15,37.55,34.6103,43.806,53.09
2019-05-16,37.66,34.6539,43.983,53.704
2019-05-17,37.86,34.7381,44.231,54.373
2019-05-20,38.45,35.2095,45.458,56.12
2019-05-21,38.32,35.0357,45.215,55.554
2019-05-22,38.35,35.0881,45.281,55.835
2019-05-23,38.26,34.9897,45.377,55.687
2019-05-24,38.56,35.2743,46.454,57.113
2019-05-27,38.78,35.4633,47.347,57.64
2019-05-28,38.78,35.4663,47.537,57.863
2019-05-29,38.69,35.392,47.358,57.38
2019-05-30,38.81,35.491,47.373,57.663
2019-05-31,38.85,35.5052,47.276,57.694
2019-06-03,39.02,35.6468,47.037,58.418
2019-06-04,38.95,35.6249,47.011,58.261
2019-06-06,38.72,35.3715,46.345,57.417
2019-06-07,38.73,35.4439,46.437,57.601
2019-06-10,38.81,35.4982,46.141,57.72
2019-06-11,38.86,35.5127,46.353,57.904
2019-06-12,38.8,35.4485,46.016,57.689
2019-06-13,38.87,35.4094,45.815,57.659
2019-06-14,38.73,35.3197,45.546,56.943
2019-06-17,38.49,35.1261,45.025,56.242
2019-06-18,38.55,35.1633,45.003,56.292
2019-06-19,38.55,35.115,44.669,56.066
2019-06-20,38.8,35.4387,45.035,57.043
2019-06-21,38.67,35.3711,44.844,56.936
2019-06-24,38.64,35.3945,44.793,56.88
2019-06-25,38.75,35.5965,45.044,57.344
2019-06-26,38.81,35.6072,45.221,57.587
2019-06-27,38.85,35.6212,45.366,57.69
2019-06-28,38.84,35.5826,45.444,57.453
2019-07-01,38.94,35.6486,45.667,57.657
2019-07-02,39.01,35.6648,45.462,57.683
2019-07-03,39.05,35.7445,45.553,57.878
2019-07-04,39.1,35.7631,45.646,57.856
2019-07-05,38.92,35.6566,45.14,57.185
2019-07-08,38.48,35.3537,44.258,55.845
2019-07-09,38.53,35.3797,44.278,56.009
2019-07-10,38.41,35.293,44.037,55.656
2019-07-11,38.56,35.454,44.228,56.065
2019-07-12,38.54,35.4325,44.371,56.076
2019-07-15,38.58,35.443,44.102,56.124
2019-07-16,38.7,35.5219,44.11,56.702
2019-07-17,38.76,35.5338,43.914,56.822
2019-07-18,38.59,35.3883,43.631,56.265
2019-07-19,38.31,35.1805,43.104,55.307
2019-07-22,38.2,35.0981,42.587,55.298
2019-07-23,38.22,35.056,42.57,55.117
2019-07-24,38.14,34.9294,42.182,54.581
2019-07-25,38.15,34.9068,42.025,54.806
2019-07-26,38.2,34.9429,41.939,55.111
2019-07-29,38.03,34.8989,41.535,54.799
2019-07-30,37.87,34.7375,40.932,53.981
2019-07-31,37.95,34.7551,40.902,54.275
2019-08-01,37.71,34.5543,40.53,53.93
2019-08-02,37.74,34.6597,40.217,53.959
2019-08-05,37.5,34.5931,39.765,53.289
2019-08-06,37.69,34.8133,40.34,54.133
2019-08-07,37.52,34.7298,40.246,53.939
2019-08-08,37.82,34.9904,40.613,54.487
2019-08-09,38.0,35.1108,41.12,54.772
2019-08-13,37.59,34.8071,40.645,53.763
2019-08-14,37.8,34.975,40.602,54.334
2019-08-16,37.81,35.0195,40.668,54.569
2019-08-19,37.85,35.0484,40.906,54.669
2019-08-20,37.76,34.9934,40.728,54.473
2019-08-21,37.61,34.7872,40.128,53.875
2019-08-22,37.33,34.5832,39.298,53.216
2019-08-23,37.52,34.6601,39.471,53.573
2019-08-26,37.95,35.1758,40.032,54.459
2019-08-27,38.1,35.2807,40.507,54.845
2019-08-28,37.96,35.1249,40.401,54.516
2019-08-29,37.8,34.9753,40.084,54.277
2019-08-30,37.94,35.0928,40.315,54.704
2019-09-03,37.52,34.7851,39.805,53.71
2019-09-04,37.62,34.8817,39.796,53.917
2019-09-05,37.68,34.9332,39.865,54.145
2019-09-06,37.9,34.9752,40.13,54.492
2019-09-09,38.03,35.0623,40.337,54.777
2019-09-11,38.15,35.0784,40.872,55.057
2019-09-12,38.02,35.2833,41.018,55.089
2019-09-13,38.21,35.2389,41.168,55.371
2019-09-16,38.12,35.1777,41.392,55.087
2019-09-17,37.75,34.8497,40.875,54.041
2019-09-18,37.82,34.8831,40.982,54.328
2019-09-19,37.58,34.5867,40.485,53.556
2019-09-20,38.83,35.4618,42.241,56.383
2019-09-23,39.58,36.0483,43.052,57.826
2019-09-24,39.48,36.0073,42.936,57.711
2019-09-25,39.12,35.7728,42.453,56.854
2019-09-26,39.39,35.9887,42.472,57.438
2019-09-27,39.32,35.8937,42.181,57.276
2019-09-30,39.26,35.7835,42.053,56.737
2019-10-01,39.07,35.4408,41.329,55.905
2019-10-03,38.96,35.4321,41.205,55.695
2019-10-04,38.66,35.2013,40.808,54.942
2019-10-07,38.58,35.0622,40.308,54.746
2019-10-09,38.91,35.4598,40.487,55.708
2019-10-10,38.75,35.2484,40.352,55.105
2019-10-11,38.88,35.3101,40.536,55.276
2019-10-14,39.0,35.4044,40.477,55.541
2019-10-15,39.21,35.5142,40.497,55.837
2019-10-16,39.23,35.576,40.696,55.935
2019-10-17,39.58,35.7979,41.138,56.741
2019-10-18,39.71,35.9606,41.664,57.473
2019-10-22,39.62,35.8303,41.883,57.607
2019-10-23,39.73,35.8689,41.831,57.716
2019-10-24,39.76,35.8031,41.689,57.47
2019-10-25,39.74,35.9528,41.597,57.696
2019-10-29,40.13,36.2023,42.144,58.858
2019-10-30,40.3,36.3323,42.207,59.055
2019-10-31,40.35,36.4706,42.59,59.585
2019-11-01,40.34,36.5066,42.769,59.663
2019-11-04,40.4,36.559,42.798,59.695
2019-11-05,40.35,36.4444,42.268,59.418
2019-11-06,40.45,36.482,42.022,59.605
2019-11-07,40.47,36.5236,42.013,59.867
2019-11-08,40.35,36.4273,41.696,59.722
2019-11-11,40.39,36.4468,41.718,59.739
2019-11-13,40.32,36.339,41.407,59.291
2019-11-14,40.39,36.3707,41.234,59.525
2019-11-15,40.42,36.4451,41.165,59.836
2019-11-18,40.42,36.4265,41.231,59.971
2019-11-19,40.49,36.536,41.249,60.065
2019-11-20,40.52,36.6585,41.27,60.472
2019-11-21,40.43,36.5746,41.113,60.045
2019-11-22,40.39,36.4893,41.023,59.937
2019-11-25,40.67,36.6516,41.511,60.564
2019-11-26,40.62,36.6214,41.369,60.352
2019-11-27,40.77,36.7306,41.375,60.693
2019-11-28,40.89,36.8474,41.562,61.253
2019-11-29,40.76,36.7314,41.761,60.91
2019-12-02,40.72,36.6968,41.522,60.667
2019-12-03,40.61,36.5721,41.322,60.356
2019-12-04,40.71,36.7238,41.358,60.668
2019-12-05,40.63,36.6647,41.306,60.633
2019-12-06,40.45,36.5047,40.873,60.1
2019-12-09,40.45,36.4596,40.65,60.01
2019-12-10,40.3,36.3329,40.47,59.471
2019-12-11,40.4,36.2522,40.335,59.663
2019-12-12,40.51,36.3367,40.499,60.073
2019-12-13,40.74,36.4978,40.828,60.69
2019-12-16,40.69,36.4493,40.755,60.504
2019-12-17,40.85,36.5575,41.092,60.818
2019-12-18,40.91,36.5987,40.983,60.924
2019-12-19,40.96,36.6122,40.914,61.032
2019-12-20,41.0,36.6913,40.993,61.115
2019-12-23,41.03,36.6555,41.017,61.033
2019-12-24,41.0,36.6105,41.016,60.935
2019-12-26,40.91,36.5746,41.033,60.716
2019-12-27,41.15,36.7387,41.296,61.377
2019-12-30,41.16,36.7619,41.381,61.585
2019-12-31,41.06,36.7105,41.527,61.471
2020-01-01,41.1,36.748,41.857,61.631
2020-01-02,41.25,36.9147,42.476,62.264
2020-01-03,41.16,36.9621,42.407,62.086
2020-01-06,40.76,36.801,41.708,60.902
2020-01-07,40.87,36.8897,41.915,61.138
2020-01-08,40.85,36.9827,41.844,61.197
2020-01-09,41.17,37.1395,42.44,62.096
2020-01-10,41.25,37.1002,42.551,62.395
2020-01-13,41.35,37.2254,42.956,62.727
2020-01-14,41.42,37.1956,43.268,63.12
2020-01-15,41.45,37.1876,43.568,63.29
2020-01-16,41.53,37.2273,43.862,63.697
2020-01-17,41.54,37.256,44.119,63.689
2020-01-20,41.39,37.1365,43.845,63.138
2020-01-21,41.3,37.0869,43.896,62.815
2020-01-22,41.22,37.1331,43.821,62.66
2020-01-23,41.38,37.2802,44.022,63.172
2020-01-24,41.58,37.3992,44.1,63.578
2020-01-27,41.4,37.3717,44.113,63.107
2020-01-28,41.28,37.2589,43.994,62.776
2020-01-29,41.42,37.2978,43.858,62.945
2020-01-30,41.28,37.198,43.486,62.406
2020-01-31,41.16,37.1295,43.448,62.13
2020-02-03,40.74,36.8784,42.481,60.836
2020-02-04,41.2,37.1386,43.08,61.762
2020-02-05,41.43,37.2396,43.373,62.462
2020-02-06,41.58,37.4138,43.536,62.776
2020-02-07,41.58,37.4307,43.506,62.921
2020-02-10,41.4,37.3358,43.388,62.545
2020-02-11,41.48,37.3836,43.457,62.844
2020-02-12,41.59,37.4602,43.25,63.059
2020-02-13,41.55,37.5431,42.874,63.022
2020-02-14,41.43,37.4462,42.682,62.609
2020-02-17,41.27,37.3966,42.444,62.531
2020-02-18,41.22,37.365,42.25,62.309
2020-02-19,41.44,37.58,42.752,63.127
2020-02-20,41.42,37.5594,42.956,63.603
2020-02-24,40.98,37.4953,42.399,62.732
2020-02-25,40.91,37.3447,42.253,62.556
2020-02-26,40.68,37.2169,41.944,61.915
2020-02-27,40.55,37.1773,41.812,61.525
2020-02-28,39.81,36.7026,40.458,59.559
2020-03-02,39.5,36.5205,40.004,59.256
2020-03-03,39.91,36.7862,40.565,60.386
2020-03-04,39.7,36.7472,40.021,59.994
2020-03-05,39.78,36.803,40.126,60.021
2020-03-06,39.28,36.5415,39.375,58.49
2020-03-09,38.07,35.6129,38.067,55.821
2020-03-11,37.96,35.5052,37.807,55.596
2020-03-12,35.67,33.7351,34.818,51.162
2020-03-13,36.47,34.2693,34.975,53.012
2020-03-16,34.78,32.5469,33.318,49.32
2020-03-17,34.16,31.9029,32.476,48.491
2020-03-18,32.83,30.8036,30.711,46.393
2020-03-19,32.24,30.1689,29.173,44.719
2020-03-20,33.49,31.2282,29.843,46.605
2020-03-23,30.35,28.179,26.43,40.214
2020-03-24,30.94,28.7694,26.223,41.042
2020-03-25,32.12,29.978,26.908,43.173
2020-03-26,32.86,30.7829,27.738,44.926
2020-03-27,33.02,30.8851,28.041,45.118
2020-03-30,32.2,30.1619,27.431,43.882
2020-03-31,33.0,30.8737,28.11,45.136
2020-04-01,32.05,29.9895,27.927,43.895
2020-04-03,31.57,29.4901,27.491,42.78
2020-04-07,33.34,31.5088,28.31,45.971
2020-04-08,33.35,31.4536,28.604,46.297
2020-04-09,34.48,32.4421,29.451,48.097
2020-04-13,34.15,32.3672,29.276,47.623
2020-04-15,34.12,32.4617,29.816,47.771
2020-04-16,34.49,32.6605,30.334,48.58
2020-04-17,35.37,33.3931,31.156,49.923
2020-04-20,35.26,33.2905,31.346,50.088
2020-04-21,34.43,32.4712,30.426,48.398
2020-04-22,34.85,32.9457,30.625,49.164
2020-04-23,35.11,33.2881,31.035,49.829
2020-04-24,34.62,32.694,30.444,49.07
2020-04-27,34.92,32.9848,30.682,50.037
2020-04-28,35.01,33.1469,30.746,50.591
2020-04-29,35.4,33.4802,31.009,51.194
2020-04-30,36.2,34.1495,31.257,52.131
2020-05-04,34.94,32.7491,30.281,49.563
2020-05-05,34.71,32.4036,30.039,49.03
2020-05-06,34.94,32.6095,30.167,49.377
2020-05-07,34.73,32.3649,30.242,49.067
2020-05-08,34.81,32.5172,30.048,49.054
2020-05-11,34.88,32.4721,29.935,49.091
2020-05-12,34.91,32.437,29.691,48.931
2020-05-13,35.38,32.9296,30.313,49.947
2020-05-14,34.82,32.4844,30.035,49.108
2020-05-15,34.81,32.4163,29.863,48.956
2020-05-18,33.92,31.5927,28.925,47.221
2020-05-19,34.17,31.7464,28.983,47.298
2020-05-20,34.68,32.2158,29.241,48.09
2020-05-21,34.9,32.3489,29.484,48.284
2020-05-22,34.76,32.2206,29.402,47.946
2020-05-26,34.85,32.2065,29.418,48.185
2020-05-27,35.4,32.7373,29.599,49.216
2020-05-28,35.9,33.1731,30.163,50.109
2020-05-29,36.17,33.4102,30.277,50.537
2020-06-01,36.85,34.0042,31.309,51.764
2020-06-02,37.21,34.2855,31.974,52.302
2020-06-03,37.38,34.5038,32.549,52.505
2020-06-04,37.43,34.5067,32.689,52.489
2020-06-05,37.92,34.9789,33.603,53.311
2020-06-08,37.85,34.9715,33.914,53.667
2020-06-09,37.5,34.6637,33.429,53.066
2020-06-10,37.57,34.7978,33.586,53.535
2020-06-11,37.06,34.2276,33.168,52.532
2020-06-12,37.27,34.434,32.913,52.936
2020-06-15,36.9,34.1552,32.826,52.204
2020-06-16,37.13,34.3151,33.025,52.585
2020-06-17,37.17,34.3027,33.263,52.724
2020-06-18,37.61,34.7201,33.687,53.688
2020-06-19,38.03,35.0897,34.086,54.629
2020-06-22,38.29,35.3238,34.676,55.289
2020-06-23,38.69,35.7379,35.211,56.103
2020-06-24,38.22,35.2948,34.858,55.181
2020-06-25,38.22,35.3617,34.806,55.47
2020-06-26,38.39,35.6071,35.092,55.816
2020-06-29,38.17,35.4506,34.802,55.227
2020-06-30,38.17,35.4727,34.643,55.298
2020-07-01,38.4,35.7359,34.896,55.797
2020-07-02,38.72,35.9294,35.08,56.264
2020-07-03,38.86,36.0992,35.174,56.827
2020-07-06,39.26,36.515,35.552,57.805
2020-07-07,39.38,36.6822,35.866,58.049
2020-07-08,39.15,36.4061,35.739,57.584
2020-07-09,39.38,36.6218,36.046,57.841
2020-07-10,39.29,36.5972,35.909,57.65
2020-07-13,39.37,36.6795,35.788,57.727
2020-07-14,38.94,36.2718,35.36,56.838
2020-07-15,38.95,36.2554,35.555,56.649
2020-07-16,39.15,36.5717,35.639,57.368
2020-07-17,39.51,36.9366,35.936,58.155
2020-07-20,39.77,37.2099,36.126,58.588
2020-07-21,40.08,37.4251,36.124,59.018
2020-07-22,40.08,37.3692,35.981,58.988
2020-07-23,40.34,37.6034,36.235,59.481
2020-07-24,40.25,37.6526,36.156,59.146
2020-07-27,40.0,37.5569,35.942,58.558
2020-07-28,40.27,37.8709,36.286,58.934
2020-07-29,40.1,37.7921,36.491,58.928
2020-07-30,39.97,37.7718,36.495,58.617
2020-07-31,39.95,37.8946,36.657,58.893
2020-08-03,39.69,37.6341,37.116,58.438
2020-08-04,40.1,37.9431,37.478,59.139
2020-08-05,40.24,38.0419,37.485,59.399
2020-08-06,40.44,38.3646,37.854,59.8
2020-08-07,40.43,38.4034,38.147,60.121
2020-08-10,40.64,38.5341,38.415,60.881
2020-08-11,40.69,38.4276,38.737,61.186
2020-08-12,40.82,38.2783,38.985,61.197
2020-08-13,40.98,38.3473,39.364,61.515
2020-08-14,40.7,38.1783,39.009,60.912
2020-08-17,40.92,38.243,39.433,61.179
2020-08-18,41.26,38.5636,39.886,62.08
2020-08-19,41.36,38.5874,40.427,62.309
2020-08-20,41.28,38.4319,40.728,62.296
2020-08-21,41.36,38.4677,41.281,62.588
2020-08-24,41.52,38.6094,41.865,62.965
2020-08-25,41.56,38.5793,42.139,63.29
2020-08-26,41.68,38.6207,42.684,63.584
2020-08-27,41.68,38.6084,42.565,63.598
2020-08-28,41.88,38.7245,42.575,64.013
2020-08-31,41.16,38.2235,40.698,62.142
2020-09-01,41.49,38.3948,40.716,62.694
2020-09-02,41.69,38.5434,41.058,63.124
2020-09-03,41.68,38.4933,41.433,63.214
2020-09-04,41.27,38.1414,40.888,62.079
2020-09-07,41.25,38.1095,40.559,61.965
2020-09-08,41.05,38.0161,40.292,61.512
2020-09-09,40.97,37.9684,39.747,61.234
2020-09-10,41.26,38.2447,40.184,62.021
2020-09-11,41.29,38.2759,40.298,62.247
2020-09-14,41.35,38.3113,42.105,63.11
2020-09-15,41.54,38.5485,42.648,63.635
2020-09-16,41.66,38.7028,42.745,63.912
2020-09-17,41.49,38.5742,42.745,63.624
2020-09-18,41.53,38.6513,42.689,63.638
2020-09-21,40.83,38.1196,41.135,61.834
2020-09-22,40.59,37.926,40.505,61.275
2020-09-23,40.51,37.8054,40.496,61.037
2020-09-24,39.77,37.1564,39.57,59.379
2020-09-25,40.43,37.6168,40.609,60.856
2020-09-28,40.95,37.9299,41.519,62.307
2020-09-29,40.9,37.9628,41.43,62.314
2020-09-30,40.94,38.0331,41.528,62.207
2020-10-01,41.28,38.2523,41.8,62.863
2020-10-05,41.37,38.4078,41.988,63.094
2020-10-06,41.59,38.6136,42.117,63.548
2020-10-07,41.69,38.6762,41.846,63.631
2020-10-08,41.86,38.8782,41.872,63.901
2020-10-09,42.07,38.972,41.747,64.3
2020-10-12,41.96,38.978,41.574,64.106
2020-10-13,41.93,38.9498,41.588,64.051
2020-10-14,41.96,39.0131,41.658,64.16
2020-10-15,41.4,38.6218,40.955,62.728
2020-10-16,41.59,38.8157,41.326,63.43
2020-10-19,41.85,38.903,41.375,64.128
2020-10-20,41.91,38.9632,41.319,64.355
2020-10-21,42.01,39.0392,41.491,64.696
2020-10-22,41.94,39.038,41.656,64.815
2020-10-23,42.09,39.1219,41.878,65.273
2020-10-26,41.73,38.8782,41.561,64.282
2020-10-27,41.98,39.0822,41.714,64.928
2020-10-28,41.71,38.9014,41.399,64.347
2020-10-29,41.65,38.806,41.167,64.05
2020-10-30,41.6,38.7722,41.025,63.975
2020-11-02,41.74,38.8324,40.683,64.544
2020-11-03,42.0,38.9831,40.895,65.264
2020-11-04,42.2,39.1754,41.068,65.612
2020-11-05,42.66,39.4325,41.687,66.828
2020-11-06,42.9,39.6085,41.91,67.175
2020-11-09,43.36,39.9179,42.324,68.226
2020-11-10,43.72,39.9538,42.212,68.562
2020-11-11,43.92,40.1348,42.554,69.136
2020-11-12,43.84,40.1111,43.272,69.104
2020-11-13,43.91,40.1689,43.751,69.235
2020-11-17,44.16,40.4065,44.525,70.305
2020-11-18,44.28,40.4214,44.825,70.507
2020-11-19,44.04,40.1554,44.66,69.797
2020-11-20,44.18,40.3007,44.879,70.252
2020-11-23,44.3,40.3892,45.132,70.63
2020-11-24,44.47,40.5057,45.661,71.457
2020-11-25,44.19,40.1722,45.343,70.36
2020-11-26,44.36,40.3363,45.595,70.918
2020-11-27,44.41,40.3033,46.393,71.492
2020-12-01,44.82,40.516,47.065,72.128
2020-12-02,44.78,40.5747,47.117,72.184
2020-12-03,44.93,40.632,47.555,72.391
2020-12-04,45.18,40.8682,47.899,73.091
2020-12-07,45.4,40.993,48.412,73.65
2020-12-08,45.48,41.087,48.275,73.746
2020-12-09,45.62,41.2213,48.49,74.275
2020-12-10,45.49,41.0793,48.175,73.992
2020-12-11,45.63,41.1388,48.498,73.917
2020-12-14,45.74,41.2097,48.75,74.269
2020-12-15,45.7,41.2028,48.89,74.228
2020-12-16,45.77,41.3477,49.077,74.715
2020-12-17,45.75,41.3807,49.002,74.712
2020-12-18,45.8,41.4672,48.954,74.803
2020-12-21,45.05,40.8496,46.765,72.233
2020-12-22,45.2,41.0017,47.377,72.939
2020-12-23,45.49,41.2975,48.749,73.998
2020-12-24,45.7,41.5037,49.261,74.648
2020-12-28,45.92,41.6817,50.431,75.42
2020-12-29,45.96,41.8276,50.29,75.69
2020-12-30,46.02,41.8693,50.439,75.974
2020-12-31,46.14,41.8505,50.408,75.996
2021-01-01,46.18,41.922,50.639,76.521
2021-01-04,46.42,42.1202,51.277,77.467
2021-01-05,46.55,42.2263,51.583,77.929
2021-01-06,46.54,42.2038,51.586,77.978
2021-01-07,46.6,42.2016,51.654,78.331
2021-01-08,46.87,42.4558,52.33,79.3
2021-01-11,47.01,42.5014,52.257,79.673
2021-01-12,47.16,42.5577,52.48,80.254
2021-01-13,47.19,42.5357,52.697,80.394
2021-01-14,47.18,42.5811,52.564,80.691
2021-01-15,46.94,42.4378,52.067,79.872
2021-01-18,46.67,42.1707,51.243,78.827
2021-01-19,46.93,42.4071,51.848,80.138
2021-01-20,47.06,42.5606,52.218,80.742
2021-01-21,46.92,42.4919,52.34,80.534
2021-01-22,46.68,42.2704,51.854,79.409
2021-01-25,46.56,42.1252,51.39,78.964
2021-01-27,46.21,41.8478,51.034,77.584
2021-01-28,46.08,41.6926,50.85,77.415
2021-01-29,45.89,41.4348,50.631,76.56
2021-02-01,46.84,42.0381,51.329,79.657
2021-02-02,47.38,42.4629,52.188,81.358
2021-02-03,47.64,42.6301,53.137,82.476
2021-02-04,47.81,42.7756,54.319,83.377
2021-02-05,47.73,42.7506,54.908,83.05
2021-02-08,48.02,43.028,56.467,84.477
2021-02-09,48.06,43.1507,56.002,84.577
2021-02-10,48.08,43.1032,56.055,84.856
2021-02-11,48.18,43.1843,56.729,85.498
2021-02-12,48.27,43.1238,56.807,85.452
2021-02-15,48.54,43.2506,56.808,86.504
2021-02-16,48.53,43.2495,56.652,86.237
2021-02-17,48.59,43.1233,56.747,86.135
2021-02-18,48.56,43.1077,57.321,86.054
2021-02-19,48.31,42.8849,57.008,84.68
2021-02-22,48.01,42.5916,56.484,83.211
2021-02-23,48.11,42.6816,56.902,83.775
2021-02-24,48.39,42.9505,57.154,84.917
2021-02-25,48.49,43.0278,57.804,85.77
2021-02-26,47.99,42.462,57.097,83.517
2021-03-01,48.24,42.6479,57.633,84.528
2021-03-02,48.49,42.8507,58.226,85.605
2021-03-03,48.83,43.2329,58.654,87.129
2021-03-04,48.71,43.0952,59.235,86.781
2021-03-05,48.51,42.8952,58.379,85.686
2021-03-08,48.53,42.9408,58.25,85.943
2021-03-09,48.54,43.0414,58.101,86.175
2021-03-10,48.65,43.1661,58.438,86.696
2021-03-12,48.45,42.9577,58.495,86.209
2021-03-15,48.38,42.8623,58.26,85.905
2021-03-16,48.35,42.8994,58.758,85.746
2021-03-17,48.07,42.627,57.751,84.482
2021-03-18,47.87,42.4149,56.774,83.368
2021-03-19,48.09,42.6399,56.805,84.183
2021-03-22,48.04,42.6091,57.184,84.134
2021-03-23,48.18,42.7416,57.513,84.857
2021-03-24,47.84,42.4514,56.833,83.399
2021-03-25,47.52,42.1471,56.101,82.325
2021-03-26,47.78,42.3453,56.487,83.374
2021-03-30,48.15,42.7067,57.549,85.061
2021-03-31,48.04,42.6214,57.724,84.803
2021-04-01,48.26,42.8025,58.689,85.639
2021-04-05,48.0,42.5511,58.17,84.378
2021-04-06,47.94,42.5695,58.714,84.675
2021-04-07,48.19,42.8091,59.211,85.855
2021-04-08,48.27,42.9451,59.788,86.122
2021-04-09,48.19,42.978,60.441,85.894
2021-04-12,47.44,42.3539,57.718,82.686
2021-04-13,47.78,42.4633,58.403,83.727
2021-04-15,47.83,42.5611,58.313,84.13
2021-04-16,47.92,42.6618,59.039,84.307
2021-04-19,47.63,42.4493,58.131,83.163
2021-04-20,47.59,42.4064,58.252,83.053
2021-04-22,47.78,42.5081,58.419,83.586
2021-04-23,47.73,42.4509,58.416,83.483
2021-04-26,47.97,42.5627,58.816,84.52
2021-04-27,48.23,42.7628,59.524,85.735
2021-04-28,48.62,42.9385,60.017,86.632
2021-04-29,48.59,42.9465,60.041,86.85
2021-04-30,48.35,42.7183,60.049,86.006
2021-05-03,48.35,42.7601,61.184,86.327
2021-05-04,48.2,42.6117,60.881,85.871
2021-05-05,48.38,42.8182,61.59,86.88
2021-05-06,48.53,42.9484,61.491,87.576
2021-05-07,48.64,43.0164,61.684,87.768
2021-05-10,48.84,43.1713,62.426,88.158
2021-05-11,48.9,43.0803,62.646,88.223
2021-05-12,48.77,42.9099,62.55,87.429
2021-05-14,48.62,42.9064,62.096,86.762
2021-05-17,48.98,43.1815,63.044,88.259
2021-05-18,49.28,43.3831,63.742,89.31
2021-05-19,49.27,43.2939,64.307,89.282
2021-05-20,49.15,43.2065,64.825,88.776
2021-05-21,49.45,43.4747,65.084,90.069
2021-05-24,49.52,43.5416,65.846,90.66
2021-05-25,49.62,43.5562,65.98,90.627
2021-05-26,49.64,43.6806,66.498,90.976
2021-05-27,49.64,43.7368,66.997,91.267
2021-05-28,49.68,43.7121,66.461,91.148
2021-05-31,49.86,43.9743,66.506,91.698
2021-06-01,49.78,43.9672,66.084,91.573
2021-06-02,49.95,44.0025,67.294,91.963
2021-06-03,50.12,44.1726,67.813,92.67
2021-06-04,50.12,44.0879,68.4,92.603
2021-06-07,50.3,44.226,68.888,93.301
2021-06-08,50.3,44.3074,69.14,93.548
2021-06-09,50.19,44.2276,68.691,92.773
2021-06-10,50.32,44.5661,69.837,93.638
2021-06-11,50.31,44.5976,70.087,93.873
2021-06-14,50.34,44.5495,70.259,93.86
2021-06-15,50.44,44.723,70.504,94.522
2021-06-16,50.29,44.5781,70.338,93.996
2021-06-17,50.18,44.4659,70.079,93.405
2021-06-18,50.11,44.4251,69.864,93.165
2021-06-21,50.22,44.5001,69.988,93.357
2021-06-22,50.31,44.5171,70.426,93.475
2021-06-23,50.23,44.4276,70.078,93.318
2021-06-24,50.28,44.5471,69.973,94.183
2021-06-25,50.42,44.6565,70.323,95.02
2021-06-28,50.42,44.6569,70.769,95.15
2021-06-29,50.3,44.5627,71.656,94.723
2021-06-30,50.31,44.5681,72.278,94.95
2021-07-01,50.29,44.5857,73.003,95.0
2021-07-02,50.35,44.7236,73.037,95.428
2021-07-05,50.49,44.8083,73.387,95.861
2021-07-06,50.46,44.847,72.877,95.99
2021-07-07,50.53,44.9095,73.113,96.265
2021-07-08,50.34,44.7491,73.167,95.434
2021-07-09,50.33,44.726,73.381,95.617
2021-07-12,50.39,44.7575,74.239,95.947
2021-07-13,50.62,44.8657,74.693,96.517
2021-07-14,50.65,44.9453,74.999,96.921
2021-07-15,50.69,45.0586,75.598,97.15
2021-07-16,50.7,45.0688,76.383,97.401
2021-07-19,50.57,44.9197,76.191,96.698
2021-07-20,50.28,44.7733,75.062,95.818
2021-07-22,50.55,44.9803,76.385,96.981
2021-07-23,50.65,45.0812,76.64,97.634
2021-07-26,50.66,45.0557,77.197,97.832
2021-07-27,50.62,44.9135,77.022,97.439
2021-07-28,50.59,44.9328,76.31,97.382
2021-07-29,50.73,45.0406,77.129,98.425
2021-07-30,50.82,45.1105,77.315,98.57
2021-08-02,50.98,45.3268,77.968,99.156
2021-08-03,51.26,45.6244,78.27,100.191
2021-08-04,51.38,45.6726,77.546,100.375
2021-08-05,51.4,45.703,77.081,100.24
2021-08-06,51.32,45.574,77.35,100.164
2021-08-09,51.31,45.4342,76.706,100.008
2021-08-10,51.28,45.4504,74.74,99.478
2021-08-11,51.3,45.3631,74.137,99.473
2021-08-12,51.4,45.5887,75.994,100.036
2021-08-13,51.49,45.7435,76.251,100.452
2021-08-16,51.47,45.7306,75.977,100.532
2021-08-17,51.45,45.9364,76.254,100.914
2021-08-18,51.39,45.8782,75.969,100.619
2021-08-20,51.1,45.5977,74.024,99.224
2021-08-23,51.1,45.6451,72.89,99.053
2021-08-24,51.3,45.841,74.096,99.565
2021-08-25,51.35,45.8339,74.601,99.712
2021-08-26,51.35,45.8007,74.588,99.571
2021-08-27,51.46,45.9728,74.797,100.349
2021-08-30,51.79,46.3016,75.997,102.027
2021-08-31,52.01,46.588,76.223,103.217
2021-09-01,52.02,46.5805,76.199,103.687
2021-09-02,52.12,46.8036,76.985,104.565
2021-09-03,52.22,46.9086,77.534,105.024
2021-09-06,52.23,47.167,78.12,105.273
2021-09-07,52.21,47.0594,77.88,105.035
2021-09-08,52.23,47.0472,78.021,105.224
2021-09-09,52.29,47.0465,78.198,105.507
2021-09-13,52.26,47.0285,79.026,105.555
2021-09-14,52.33,47.0495,79.641,106.207
2021-09-15,52.53,47.2439,80.352,107.098
2021-09-16,52.69,47.3904,80.534,107.388
2021-09-17,52.62,47.2564,80.424,106.583
2021-09-20,52.41,47.0395,79.431,104.708
2021-09-21,52.5,47.1374,79.068,104.962
2021-09-22,52.56,47.1825,80.084,105.57
2021-09-23,52.81,47.4161,80.6,106.86
2021-09-24,52.77,47.3668,80.792,106.405
2021-09-27,52.91,47.2893,80.513,106.652
2021-09-28,52.84,47.0995,80.223,105.983
2021-09-29,52.9,47.1125,80.33,106.206
2021-09-30,52.86,47.0035,80.642,105.893
2021-10-01,52.84,46.9427,80.974,105.633
2021-10-04,53.05,47.0938,81.88,107.064
2021-10-05,53.22,47.2472,82.286,107.639
2021-10-06,53.03,47.0207,81.637,106.77
2021-10-07,53.27,47.3061,82.862,108.6
2021-10-08,53.33,47.392,83.762,108.873
2021-10-11,53.51,47.3814,84.206,109.548
2021-10-12,53.56,47.4541,84.385,109.706
2021-10-13,53.77,47.6248,84.549,110.48
2021-10-14,53.92,47.7921,85.169,111.527
2021-10-18,53.97,47.8872,85.411,112.499
2021-10-19,53.88,47.8264,83.978,111.469
2021-10-20,53.66,47.6,82.308,110.052
2021-10-21,53.62,47.458,81.674,109.514
2021-10-22,53.66,47.3649,80.633,108.812
2021-10-25,53.76,47.4411,79.604,108.257
2021-10-26,53.93,47.6627,81.084,109.461
2021-10-27,53.99,47.5947,82.197,109.117
2021-10-28,53.65,47.2581,80.926,107.593
2021-10-29,53.53,47.1812,80.398,107.043
2021-11-01,53.78,47.4546,81.444,108.913
2021-11-02,53.88,47.5362,82.025,109.311
2021-11-03,53.88,47.3865,82.018,109.13
2021-11-08,54.11,47.6051,83.586,111.137
2021-11-09,54.22,47.6988,83.741,111.17
2021-11-10,54.29,47.712,83.199,110.804
2021-11-11,54.12,47.6048,82.688,109.974
2021-11-12,54.3,47.8029,82.806,110.785
2021-11-15,54.23,47.8307,82.593,110.703
2021-11-16,54.19,47.7606,83.128,110.188
2021-11-17,54.13,47.6412,82.867,109.974
2021-11-18,53.93,47.4848,81.501,108.494
2021-11-22,53.55,47.1174,79.471,106.068
2021-11-23,53.7,47.1769,80.604,107.224
2021-11-24,53.68,47.053,80.812,106.916
2021-11-25,53.69,47.1041,81.868,107.48
2021-11-26,53.08,46.684,79.415,104.282
2021-11-29,52.97,46.6056,77.778,103.691
2021-11-30,52.94,46.5668,79.762,104.25
2021-12-01,53.07,46.6645,79.497,104.936
2021-12-02,53.29,46.8239,80.294,105.955
2021-12-03,53.15,46.635,80.711,105.751
2021-12-06,52.83,46.22,79.504,104.098
2021-12-07,53.13,46.5118,80.312,105.726
2021-12-08,53.52,46.9634,81.54,107.233
2021-12-09,53.54,46.9828,82.074,107.503
2021-12-10,53.55,47.0068,82.458,107.738
2021-12-13,53.45,46.9094,82.222,107.532
2021-12-14,53.44,46.973,82.676,107.333
2021-12-15,53.37,46.838,83.626,106.791
2021-12-16,53.28,46.7999,82.953,106.457
2021-12-17,52.98,46.4857,81.648,104.861
2021-12-20,52.54,46.0238,78.629,102.115
2021-12-21,52.71,46.2223,79.483,103.077
2021-12-22,52.99,46.5389,80.836,104.198
2021-12-23,53.11,46.7086,81.871,104.854
2021-12-24,52.99,46.5772,81.674,104.304
2021-12-27,53.07,46.7244,81.96,104.657
2021-12-28,53.25,46.9406,82.79,105.854
2021-12-29,53.27,46.9103,83.128,105.738
2021-12-30,53.25,46.8851,82.916,105.814
2021-12-31,53.46,47.1622,83.923,106.824
2022-01-03,53.69,47.4507,85.016,108.469
2022-01-04,53.86,47.5593,85.117,109.115
2022-01-05,53.96,47.6294,85.356,109.47
2022-01-06,53.91,47.5207,85.053,108.905
2022-01-07,54.0,47.4932,85.402,109.494
2022-01-10,54.18,47.6943,86.141,110.393
2022-01-11,54.26,47.7396,85.959,110.354
2022-01-12,54.45,47.9688,86.455,111.3
2022-01-13,54.52,48.0793,86.847,111.555
2022-01-14,54.49,48.0729,86.878,111.776
2022-01-17,54.55,48.1029,87.159,112.008
2022-01-18,54.33,47.8193,85.475,110.677
2022-01-19,54.24,47.7327,86.079,109.985
2022-01-20,54.11,47.5847,85.925,109.348
2022-01-21,53.9,47.1846,84.531,107.913
2022-01-24,53.48,46.6229,81.014,104.944
2022-01-25,53.68,46.9061,82.236,106.09
2022-01-27,53.6,46.641,81.881,104.969
2022-01-28,53.66,46.5977,82.251,105.162
2022-01-31,53.97,47.0215,83.194,106.579
2022-02-01,54.18,47.4064,83.956,107.46
2022-02-02,54.28,47.6251,85.206,108.628
2022-02-03,54.17,47.4,84.802,107.671
2022-02-04,54.08,47.3005,84.248,107.113
2022-02-07,53.87,46.91,83.38,105.667
2022-02-08,53.94,46.9022,82.119,105.34
2022-02-09,54.11,47.2377,82.449,106.402
2022-02-10,54.31,47.3884,82.822,106.95
2022-02-11,54.1,46.9539,81.282,105.358
2022-02-14,53.55,46.1937,78.412,101.993
2022-02-15,54.03,46.8598,79.957,104.666
2022-02-16,54.01,46.799,79.826,104.318
2022-02-17,53.98,46.8158,79.293,103.918
2022-02-18,53.89,46.6371,78.625,103.795
2022-02-21,53.8,46.5561,77.103,102.902
2022-02-22,53.75,46.3836,75.588,101.846
2022-02-23,53.7,46.4514,76.789,101.78
2022-02-24,52.79,45.5195,73.163,96.806
2022-02-25,53.33,46.1797,75.861,99.644
2022-02-28,53.46,46.3095,76.301,100.84
2022-03-02,53.17,46.0384,76.228,100.081
2022-03-03,52.99,45.7218,76.6,99.207
2022-03-04,52.61,45.3253,75.483,97.868
2022-03-07,52.13,44.8746,74.088,95.293
2022-03-08,52.36,45.3183,75.115,96.237
2022-03-09,52.69,45.7005,76.067,97.838
2022-03-10,53.01,46.0555,76.919,99.26
2022-03-11,53.08,46.3175,77.207,99.868
2022-03-14,53.32,46.519,77.41,100.675
2022-03-15,53.21,46.3151,76.424,99.729
2022-03-16,53.55,46.7616,77.384,101.465
2022-03-17,53.89,47.2173,78.47,102.965
2022-03-21,53.66,46.9419,78.397,102.196
2022-03-22,53.79,47.1068,78.409,102.727
2022-03-23,53.75,47.0444,78.121,102.578
2022-03-24,53.7,47.1529,78.663,102.36
2022-03-25,53.67,46.9978,78.456,101.751
2022-03-28,53.79,47.0283,77.852,101.72
2022-03-29,53.92,47.23,77.843,102.59
2022-03-30,54.12,47.3264,78.213,103.693
2022-03-31,54.16,47.2752,78.321,103.711
2022-04-01,54.43,47.5364,79.598,104.7
2022-04-04,54.73,47.805,81.075,106.409
2022-04-05,54.73,47.8137,81.803,106.697
2022-04-06,54.72,47.765,82.579,106.251
2022-04-07,54.61,47.5834,82.061,105.712
2022-04-08,54.74,47.6015,82.969,106.656
2022-04-11,54.71,47.6276,83.515,106.448
2022-04-12,54.56,47.1953,82.285,105.494
2022-04-13,54.57,47.2732,82.616,105.409
2022-04-18,54.41,47.035,82.009,104.168
2022-04-19,54.2,46.6818,80.825,103.262
2022-04-20,54.36,46.6781,80.744,103.852
2022-04-21,54.59,46.8426,81.915,104.986
2022-04-22,54.41,46.7943,81.56,103.797
2022-04-25,54.16,46.2425,80.098,102.189
2022-04-26,54.48,46.5144,80.583,103.545
2022-04-27,54.27,46.4403,80.197,102.476
2022-04-28,54.5,46.5485,80.477,103.513
2022-04-29,54.24,46.4544,79.856,102.613
2022-05-02,54.17,46.2588,79.111,102.243
2022-05-04,53.71,45.8733,77.421,99.812
2022-05-05,53.79,45.9546,76.997,99.792
2022-05-06,53.48,45.5272,76.066,98.364
2022-05-09,53.33,45.1402,74.791,97.467
2022-05-10,53.2,44.6718,73.458,96.387
2022-05-11,53.13,44.536,71.681,96.007
2022-05-12,52.72,44.1351,70.886,93.997
2022-05-13,52.61,44.2577,71.307,93.894
2022-05-16,52.86,44.396,72.354,94.958
2022-05-17,53.47,45.0496,74.49,97.076
2022-05-18,53.44,45.1402,74.429,96.866
2022-05-19,52.92,44.463,73.107,94.407
2022-05-20,53.4,44.93,74.349,96.65
2022-05-23,53.4,44.8129,74.098,96.488
2022-05-24,53.27,44.6152,73.697,95.943
2022-05-25,53.22,44.0314,71.283,95.296
2022-05-26,53.45,44.1587,71.81,96.535
2022-05-27,53.6,44.4709,73.031,97.248
2022-05-30,53.99,45.1608,74.476,99.193
2022-05-31,54.11,45.2373,74.342,99.132
2022-06-01,54.02,45.141,74.543,98.879
2022-06-02,54.09,45.3121,75.123,99.285
2022-06-03,53.92,45.1803,74.505,98.389
2022-06-06,53.86,45.1068,74.324,98.005
2022-06-07,53.77,44.8684,73.83,97.21
2022-06-08,53.78,44.78,74.017,96.975
2022-06-09,53.92,44.8495,73.972,97.486
2022-06-10,53.7,44.6159,73.476,96.596
2022-06-13,53.21,44.0416,71.409,94.093
2022-06-14,53.19,43.867,71.183,93.973
2022-06-15,53.14,43.9184,71.515,94.072
2022-06-16,52.72,43.3163,69.639,92.207
2022-06-17,52.45,43.0185,69.161,91.255
2022-06-20,52.43,42.5995,67.508,90.834
2022-06-21,52.93,43.3034,69.179,92.8
2022-06-22,52.64,42.8944,68.488,91.626
2022-06-23,52.91,43.3218,69.419,92.783
2022-06-24,53.17,43.5836,70.391,93.873
2022-06-27,53.41,44.039,71.523,94.79
2022-06-28,53.53,44.1891,71.665,94.93
2022-06-29,53.55,44.1651,71.693,94.303
2022-06-30,53.57,43.9015,71.543,94.687
2022-07-01,53.46,43.8596,71.949,95.114
2022-07-04,53.61,44.0445,72.582,95.783
2022-07-05,53.6,44.1095,73.127,95.776
2022-07-06,53.85,44.2659,73.734,97.092
2022-07-07,54.04,44.5976,74.689,98.207
2022-07-08,54.19,44.8649,74.917,98.309
2022-07-11,54.27,44.8344,75.543,98.356
2022-07-12,54.1,44.5234,75.228,97.456
2022-07-13,54.04,44.4465,75.351,97.39
2022-07-14,54.04,44.3763,74.993,97.35
2022-07-15,54.2,44.6563,75.482,97.726
2022-07-18,54.52,45.2248,76.627,99.003
2022-07-19,54.62,45.2867,77.288,99.374
2022-07-20,54.81,45.5798,77.783,100.078
2022-07-21,54.98,45.9897,78.435,100.666
2022-07-22,55.06,46.2143,78.837,101.155
2022-07-25,54.96,46.1881,78.469,100.954
2022-07-26,54.75,45.7236,77.576,99.928
2022-07-27,54.9,45.8794,77.647,100.744
2022-07-28,55.17,46.2665,77.837,101.801
2022-07-29,55.49,46.7688,78.532,103.228
2022-08-01,55.81,47.2037,79.625,104.492
2022-08-02,55.85,47.1931,79.987,104.694
2022-08-03,55.83,47.2118,79.73,104.374
2022-08-04,55.85,47.3785,79.928,104.428
2022-08-05,55.87,47.5168,79.922,104.472
2022-08-08,56.01,47.569,80.083,104.822
2022-08-10,56.03,47.6056,79.648,104.653
2022-08-11,56.15,47.8716,80.405,105.536
2022-08-12,56.27,48.061,80.732,106.152
2022-08-16,56.45,48.227,80.883,106.895
2022-08-17,56.58,48.4444,81.343,107.471
2022-08-18,56.6,48.5252,81.958,107.26
2022-08-19,56.39,48.133,81.631,106.218
2022-08-22,56.1,47.5565,80.76,104.474
2022-08-23,56.26,47.7766,81.718,105.16
2022-08-24,56.34,47.8935,82.32,105.392
2022-08-25,56.33,47.9478,82.546,105.107
2022-08-26,56.39,48.0164,83.204,105.249
2022-08-29,56.23,47.441,82.993,103.888
2022-08-30,56.68,48.0007,83.78,106.044
2022-09-01,56.62,47.9507,83.735,105.643
2022-09-02,56.65,47.7618,83.897,105.482
2022-09-05,56.79,48.0499,84.376,105.848
2022-09-06,56.85,48.1124,84.581,106.059
2022-09-07,56.77,48.1583,85.067,106.241
2022-09-08,56.98,48.394,85.698,107.076
2022-09-09,57.03,48.5423,85.838,107.267
2022-09-12,57.16,48.7823,86.747,107.698
2022-09-13,57.27,49.2097,86.782,108.394
2022-09-14,57.24,49.04,86.855,108.072
2022-09-15,57.2,48.9504,87.404,107.91
2022-09-16,56.73,48.1351,85.502,105.542
2022-09-19,56.83,48.0586,85.537,105.716
2022-09-20,57.11,48.568,86.444,107.155
2022-09-21,56.96,48.5111,86.149,106.148
2022-09-22,56.89,48.7305,85.985,105.802
2022-09-23,56.52,48.034,84.054,103.687
2022-09-26,56.11,47.2356,81.86,101.736
2022-09-27,56.09,47.2286,82.687,101.679
2022-09-28,55.95,47.0916,82.187,100.906
2022-09-29,55.98,47.3604,82.812,101.253
2022-09-30,56.4,47.8754,84.334,102.771
2022-10-03,56.18,47.5965,83.68,101.648
2022-10-04,56.64,48.2132,85.124,103.492
2022-10-06,56.77,48.5054,85.901,104.283
2022-10-07,56.77,48.6397,86.146,104.08
2022-10-10,56.74,48.1362,85.393,103.506
2022-10-11,56.42,47.6621,84.263,102.146
2022-10-12,56.63,47.8912,84.451,102.692
2022-10-13,56.47,47.8244,84.178,102.015
2022-10-14,56.59,47.639,84.104,102.438
2022-10-17,56.76,47.73,84.651,102.852
2022-10-18,56.98,48.1112,85.408,103.872
2022-10-19,57.03,48.0789,84.953,103.98
2022-10-20,57.05,48.1299,85.253,104.246
2022-10-21,57.13,47.9658,84.945,103.955
2022-10-25,57.38,48.355,85.331,104.792
2022-10-27,57.45,48.5949,85.484,104.937
2022-10-28,57.48,48.3991,85.014,104.4
2022-10-31,57.7,48.7208,85.598,105.432
2022-11-01,57.75,48.9928,85.615,106.107
2022-11-02,57.62,49.0466,85.911,106.057
2022-11-03,57.61,49.0875,86.252,105.838
2022-11-04,57.57,49.0009,86.392,105.844
2022-11-07,57.75,49.3751,87.403,106.821
2022-11-09,57.75,49.3082,87.325,106.675
2022-11-10,57.57,49.1351,86.459,105.669
2022-11-11,57.78,49.1581,86.637,107.088
2022-11-14,57.8,49.12,86.781,107.027
2022-11-15,57.88,49.2914,86.85,107.419
2022-11-16,57.91,49.3372,86.678,106.933
2022-11-17,57.82,49.2656,86.587,106.671
2022-11-18,57.67,49.1148,86.11,106.379
2022-11-21,57.58,48.8814,86.076,106.087
2022-11-22,57.68,49.0671,86.351,106.303
2022-11-23,57.77,49.2227,86.804,106.288
2022-11-24,57.98,49.2597,87.468,107.399
2022-11-25,57.98,49.2816,88.117,108.123
2022-11-28,58.07,49.5271,89.114,108.466
2022-11-29,58.14,49.3174,88.619,108.778
2022-11-30,58.31,49.59,88.987,109.303
2022-12-01,58.35,49.8523,89.475,109.819
2022-12-02,58.32,50.0808,89.949,110.034
2022-12-05,58.34,50.1744,90.196,109.912
2022-12-06,58.26,50.1144,90.259,109.329
2022-12-07,58.21,49.969,89.974,108.869
2022-12-08,58.3,50.2999,90.786,109.455
2022-12-09,58.21,50.2451,89.887,108.651
2022-12-12,58.24,50.2296,90.037,108.848
2022-12-13,58.36,50.3198,90.564,109.298
2022-12-14,58.46,50.5507,90.693,109.752
2022-12-15,58.34,50.1507,89.939,108.692
2022-12-16,58.11,49.9121,89.029,107.717
2022-12-19,58.27,50.2333,89.267,108.159
2022-12-20,58.23,50.2313,89.026,107.947
2022-12-21,57.94,49.6237,87.435,106.69
2022-12-22,57.87,49.3778,86.518,105.936
2022-12-23,57.44,48.3148,83.384,103.374
2022-12-26,57.82,49.1373,86.054,105.338
2022-12-27,58.01,49.3451,87.496,106.119
2022-12-28,58.04,49.4049,87.547,106.083
2022-12-29,58.2,49.5748,88.031,106.279
2022-12-30,58.07,49.6816,88.659,106.318
2023-01-02,58.22,49.7803,89.514,106.966
2023-01-03,58.2,49.8432,89.738,107.302
2023-01-04,58.01,49.6373,88.984,106.33
2023-01-05,58.01,49.7244,88.8,106.595
2023-01-06,57.87,49.5019,88.609,105.931
2023-01-09,58.13,49.7895,88.971,106.936
2023-01-10,57.97,49.5511,88.713,106.553
2023-01-11,57.97,49.3861,88.624,106.467
2023-01-12,57.95,49.3,88.526,106.136
2023-01-13,58.01,49.332,88.696,106.25
2023-01-16,57.89,49.463,88.677,105.97
2023-01-17,57.99,49.4905,88.405,106.119
2023-01-18,58.1,49.487,88.499,106.66
2023-01-19,58.11,49.5064,88.604,106.424
2023-01-20,57.95,49.4495,88.244,105.754
2023-01-23,58.05,49.4656,88.161,106.238
2023-01-24,58.08,49.5057,88.011,105.907
2023-01-25,57.91,49.2041,87.337,104.462
2023-01-27,57.62,48.6466,85.73,103.127
2023-01-30,57.63,48.6381,85.908,103.381
2023-01-31,57.71,49.1177,88.046,104.166
2023-02-01,57.65,48.9173,87.361,103.499
2023-02-02,57.65,49.1791,87.775,103.618
2023-02-03,57.98,49.2701,88.07,104.016
2023-02-06,57.93,49.4175,88.525,104.224
2023-02-07,57.85,49.5429,88.623,104.045
2023-02-08,58.01,49.6679,89.234,105.103
2023-02-09,58.04,49.4851,89.237,104.949
2023-02-10,58.07,49.5221,89.633,104.955
2023-02-13,57.95,49.2065,88.814,104.12
2023-02-14,58.09,49.1959,88.682,104.318
2023-02-15,58.22,49.3195,88.757,104.581
2023-02-16,58.29,49.6583,89.659,104.96
2023-02-17,58.16,49.4747,89.73,104.522
2023-02-20,58.12,49.5423,90.188,104.36
2023-02-21,58.12,49.4963,89.692,104.273
2023-02-22,57.84,49.0315,88.458,103.175
2023-02-23,57.79,49.0693,89.041,103.092
2023-02-24,57.75,48.9856,88.486,103.085
2023-02-27,57.65,48.7341,87.505,102.543
2023-02-28,57.55,48.8516,87.629,102.292
2023-03-01,57.76,49.4281,88.857,103.329
2023-03-02,57.6,49.413,89.038,102.67
2023-03-03,57.93,49.6541,89.987,103.66
2023-03-06,58.13,49.8374,90.921,104.466
2023-03-08,58.19,49.9562,91.147,104.568
2023-03-09,57.95,49.6896,90.982,103.905
2023-03-10,57.76,49.5588,90.272,103.008
2023-03-13,57.35,49.1176,88.691,101.316
2023-03-14,57.22,48.9345,88.267,100.744
2023-03-15,57.09,48.9762,88.494,100.609
2023-03-16,57.11,49.025,87.845,100.551
2023-03-17,57.25,49.202,88.278,100.984
2023-03-20,57.11,49.1438,87.588,100.117
2023-03-21,57.33,49.3551,88.163,100.943
2023-03-22,57.4,49.3923,88.827,101.163
2023-03-23,57.29,49.2853,88.678,100.882
2023-03-24,57.12,49.1386,87.866,100.023
2023-03-27,57.11,49.0135,86.847,99.698
2023-03-28,56.96,48.9541,86.643,99.506
2023-03-29,57.26,49.611,87.838,100.533
2023-03-31,57.78,49.9764,88.728,101.905
2023-04-03,57.96,49.958,89.34,102.365
2023-04-05,58.12,50.1263,89.834,102.773
2023-04-06,58.17,50.1165,90.421,103.118
2023-04-10,58.22,50.1264,90.213,103.37
2023-04-11,58.37,50.3504,90.487,103.887
2023-04-12,58.46,50.4369,90.537,104.296
2023-04-13,58.48,50.4854,90.54,104.274
2023-04-17,58.37,50.6743,90.665,104.009
2023-04-18,58.38,50.5699,90.821,104.122
2023-04-19,58.34,50.4795,90.708,104.002
2023-04-20,58.34,50.4676,90.796,104.155
2023-04-21,58.25,50.3783,90.849,103.965
2023-04-24,58.41,50.6301,91.22,104.457
2023-04-25,58.45,50.7191,91.479,104.517
2023-04-26,58.56,51.0042,91.632,104.917
2023-04-27,58.69,51.1724,91.999,105.378
2023-04-28,58.95,51.4365,92.96,106.235
2023-05-02,59.15,51.6275,93.684,106.541
2023-05-03,59.12,51.8079,94.24,106.372
2023-05-04,59.31,51.9941,94.944,107.172
2023-05-05,59.21,51.9576,94.251,106.358
2023-05-08,59.47,52.0549,94.927,107.464
2023-05-09,59.47,52.0241,94.304,107.403
2023-05-10,59.59,52.2309,95.194,107.856
2023-05-11,59.58,52.2301,95.854,108.063
2023-05-12,59.58,52.1608,95.88,107.755
2023-05-15,59.65,52.4023,96.495,108.253
2023-05-16,59.6,52.4207,97.106,108.2
2023-05-17,59.45,52.5106,97.241,107.736
2023-05-18,59.36,52.2568,96.798,107.309
2023-05-19,59.45,52.1912,97.081,107.34
2023-05-22,59.56,52.3272,97.559,107.406
2023-05-23,59.62,52.2366,97.434,107.7
2023-05-24,59.6,52.3996,97.206,107.642
2023-05-25,59.63,52.4966,97.469,107.908
2023-05-26,59.9,52.7265,98.346,108.7
2023-05-29,60.0,52.8224,98.503,109.317
2023-05-30,60.03,52.9459,98.688,109.509
2023-05-31,60.0,53.0401,99.335,109.551
2023-06-01,59.93,52.9598,99.821,109.487
2023-06-02,60.07,53.2204,100.037,109.927
2023-06-05,60.2,53.2949,100.479,110.548
2023-06-06,60.28,53.6027,100.914,110.666
2023-06-07,60.48,53.8595,101.935,111.685
2023-06-08,60.39,53.6719,101.461,110.934
2023-06-09,60.37,53.8145,101.679,110.663
2023-06-12,60.47,53.9416,102.125,111.162
2023-06-13,60.6,54.202,102.638,112.025
2023-06-14,60.62,54.2411,102.989,112.037
2023-06-15,60.62,54.2845,103.377,111.821
2023-06-16,60.85,54.6449,103.648,112.723
2023-06-19,60.71,54.5412,103.977,112.576
2023-06-20,60.79,54.598,104.054,113.134
2023-06-21,60.89,54.575,104.198,113.647
2023-06-22,60.75,54.1885,103.328,113.194
2023-06-23,60.55,53.8632,102.429,112.361
2023-06-26,60.65,54.1457,103.263,112.979
2023-06-27,60.84,54.2594,104.185,113.857
2023-06-28,61.06,54.4774,104.315,114.416
2023-06-30,61.27,54.7204,104.686,115.325
2023-07-03,61.37,54.9282,105.617,115.664
2023-07-04,61.34,54.9023,106.414,115.617
2023-07-05,61.46,55.2211,106.89,115.688
2023-07-06,61.6,55.5582,107.634,116.556
2023-07-07,61.44,55.4144,107.335,115.748
2023-07-10,61.4,55.1947,107.13,115.895
2023-07-11,61.62,55.5979,107.723,116.602
2023-07-12,61.55,55.6685,107.862,116.577
2023-07-13,61.57,55.4596,107.113,116.459
2023-07-14,61.81,55.5541,108.621,117.574
2023-07-17,61.94,55.6215,109.456,118.343
2023-07-18,61.96,55.6332,108.892,118.137
2023-07-19,62.02,55.8788,109.515,118.602
2023-07-20,62.18,55.8762,109.555,119.244
2023-07-21,62.03,55.7002,109.824,118.678
2023-07-24,61.99,55.7995,110.169,118.48
2023-07-25,62.14,55.7684,110.465,118.899
2023-07-26,62.27,55.9789,110.343,119.265
2023-07-27,62.22,55.8081,110.537,119.293
2023-07-28,62.26,55.9265,110.997,119.929
2023-07-31,62.49,56.1708,112.442,120.824
2023-08-01,62.55,56.0936,112.611,121.095
2023-08-02,62.37,55.7375,111.285,119.459
2023-08-03,62.21,55.5065,110.954,119.001
2023-08-04,62.4,55.5294,111.133,120.212
2023-08-07,62.48,55.6278,110.529,120.769
2023-08-08,62.49,55.607,111.036,121.345
2023-08-09,62.56,55.6852,111.798,122.005
2023-08-10,62.49,55.514,111.501,121.356
2023-08-11,62.4,55.4006,111.882,120.793
2023-08-14,62.38,55.3517,110.976,120.135
2023-08-16,62.45,55.5042,111.322,120.121
2023-08-17,62.36,55.363,111.627,120.11
2023-08-18,62.32,55.3408,112.176,119.917
2023-08-21,62.44,55.5164,113.029,120.452
2023-08-22,62.5,55.7439,113.794,121.086
2023-08-23,62.62,55.9204,114.442,121.834
2023-08-24,62.61,55.9126,114.26,121.942
2023-08-25,62.42,55.5787,114.052,121.084
2023-08-28,62.53,55.7497,114.499,121.619
2023-08-29,62.67,55.9193,115.096,121.91
2023-08-30,62.77,56.1005,115.754,122.494
2023-08-31,62.76,56.133,116.408,122.68
2023-09-01,63.14,56.4119,116.639,123.772
2023-09-04,63.29,56.6184,117.673,124.39
2023-09-05,63.35,56.8334,117.818,124.941
2023-09-06,63.42,56.8064,117.768,125.065
2023-09-07,63.59,57.1068,118.025,125.994
2023-09-08,63.76,57.4001,118.64,126.756
2023-09-11,63.97,57.7534,119.296,127.615
2023-09-12,63.76,57.1467,115.752,125.88
2023-09-13,63.89,57.2067,116.66,126.375
2023-09-14,64.02,57.357,117.557,126.951
2023-09-15,64.18,57.472,118.17,127.569
2023-09-18,64.14,57.6515,117.731,127.001
2023-09-20,63.83,57.5411,117.118,125.966
2023-09-21,63.65,57.0649,116.314,124.803
2023-09-22,63.61,57.0354,116.32,124.354
2023-09-25,63.58,57.0804,116.564,124.156
2023-09-26,63.6,57.1464,116.734,124.026
2023-09-27,63.68,57.3028,117.225,124.633
2023-09-29,63.71,57.2017,117.424,124.962
2023-10-03,63.63,57.0401,118.419,124.916
2023-10-04,63.41,56.3557,117.113,123.702
2023-10-05,63.56,56.5184,117.595,124.286
2023-10-06,63.62,56.6995,118.464,124.779
2023-10-09,63.48,56.5056,116.918,123.546
2023-10-10,63.71,56.915,117.969,124.977
2023-10-11,63.92,57.1635,118.575,125.595
2023-10-12,64.03,57.4144,119.272,125.883
2023-10-13,64.05,57.5039,118.917,125.464
2023-10-16,64.07,57.8229,119.005,125.587
2023-10-17,64.18,58.1451,119.34,126.124
2023-10-18,64.02,58.0538,119.374,125.388
2023-10-19,63.92,58.1294,119.475,124.956
2023-10-20,63.82,57.9295,118.841,123.837
2023-10-23,63.47,57.2556,114.857,121.317
2023-10-25,63.32,56.9678,113.692,120.617
2023-10-26,63.06,56.6371,113.322,119.425
2023-10-27,63.42,57.2321,115.35,120.615
2023-10-30,63.52,57.3131,115.086,120.871
2023-10-31,63.43,57.1844,114.986,120.6
2023-11-01,63.29,57.099,114.582,119.757
2023-11-02,63.56,57.5519,115.38,120.72
2023-11-03,63.83,57.9303,116.286,121.781
2023-11-06,64.12,58.3952,117.214,123.275
2023-11-07,64.16,58.5721,117.293,123.594
2023-11-08,64.31,58.7926,118.038,124.096
2023-11-09,64.24,58.7361,117.464,123.797
2023-11-10,64.27,58.8874,118.205,124.292
2023-11-13,64.35,59.1452,119.437,124.415
2023-11-15,64.71,59.6875,120.663,125.71
2023-11-16,64.86,59.8387,120.87,126.324
2023-11-17,64.9,60.0292,121.197,126.297
2023-11-20,64.84,59.9319,121.793,126.346
2023-11-21,64.92,59.9386,122.121,126.856
2023-11-22,64.95,60.1161,121.969,126.892
2023-11-23,65.02,60.0975,122.058,126.832
2023-11-24,65.05,60.1284,121.796,126.934
2023-11-28,65.23,60.4214,121.64,127.506
2023-11-29,65.58,60.9768,123.005,128.613
2023-11-30,65.77,61.4481,124.181,129.477
2023-12-01,65.99,61.7514,124.736,130.534
2023-12-04,66.48,62.512,125.831,132.579
2023-12-05,66.65,62.5214,126.467,133.245
2023-12-06,66.64,62.585,126.167,133.22
2023-12-07,66.79,62.6369,126.218,133.618
2023-12-08,66.87,62.5446,125.277,134.053
2023-12-11,66.99,62.5866,125.847,134.272
2023-12-12,66.77,62.3449,126.211,133.396
2023-12-13,66.98,62.7183,126.711,134.193
2023-12-14,67.4,63.3332,127.831,135.584
2023-12-15,67.64,63.5631,128.471,136.34
2023-12-18,67.62,63.5841,128.364,136.741
2023-12-19,67.64,63.7433,129.116,136.941
2023-12-20,67.14,63.06,125.943,133.713
2023-12-21,67.25,63.3271,126.977,135.076
2023-12-22,67.49,63.7006,127.913,136.019
2023-12-26,67.67,64.0218,127.962,136.602
2023-12-27,67.96,64.2771,128.43,137.512
2023-12-28,68.04,64.6409,128.696,138.446
2023-12-29,68.08,64.6897,129.59,138.838
2024-01-01,68.11,64.7121,130.032,139.219
2024-01-02,68.01,64.6261,129.307,138.926
2024-01-03,67.88,64.7127,129.788,138.665
2024-01-04,68.02,65.1372,130.665,139.945
2024-01-05,68.12,65.2357,131.641,140.414
2024-01-08,68.01,65.0615,130.825,139.001
2024-01-09,68.11,65.2794,131.096,139.479
2024-01-10,68.19,65.244,131.094,139.889
2024-01-11,68.39,65.2677,131.945,140.239
2024-01-12,68.66,65.5817,132.881,141.004
2024-01-15,68.79,65.8223,132.969,141.884
2024-01-16,68.78,65.7177,133.161,141.333
2024-01-17,68.41,65.2781,132.148,138.717
2024-01-18,68.28,65.2624,132.264,138.112
2024-01-19,68.61,65.9019,133.352,139.355
2024-01-23,68.16,65.0912,130.535,136.57
2024-01-24,68.46,65.5117,132.437,139.015
2024-01-25,68.3,65.5513,132.423,138.432
2024-01-29,68.73,66.3737,133.893,140.597
2024-01-30,68.53,66.1477,134.23,139.962
2024-01-31,68.92,66.4435,136.912,142.095
2024-02-01,69.03,66.5105,136.902,141.863
2024-02-02,69.27,66.8942,137.193,141.84
2024-02-05,69.12,66.9584,137.077,141.501
2024-02-06,69.46,67.3852,138.132,142.649
2024-02-07,69.53,67.6905,138.077,142.839
2024-02-08,69.35,67.7205,137.564,142.155
2024-02-09,69.44,67.4538,136.181,141.873
2024-02-12,69.2,66.846,133.189,139.586
2024-02-13,69.39,67.1524,133.602,140.357
2024-02-14,69.66,67.5314,134.455,141.315
2024-02-15,69.77,67.8954,135.96,142.239
2024-02-16,70.06,68.3907,136.729,143.759
2024-02-19,70.18,68.4604,136.963,144.242
2024-02-20,70.33,68.4284,136.782,144.463
2024-02-21,70.12,68.1284,136.109,143.832
2024-02-22,70.35,68.5943,136.52,144.581
2024-02-23,70.36,68.6462,137.171,144.668
2024-02-26,70.39,68.6711,136.952,144.735
2024-02-27,70.38,68.8442,137.509,144.912
2024-02-28,70.06,68.2679,135.586,143.395
2024-02-29,70.29,68.5068,135.563,143.88
2024-03-01,70.83,69.0806,135.877,145.33
2024-03-04,70.84,69.6487,136.168,145.952
2024-03-05,70.93,69.7186,135.908,145.65
2024-03-06,70.9,69.7976,134.052,145.223
2024-03-07,70.92,70.1396,134.515,145.444
2024-03-11,70.83,70.1772,132.85,144.367
2024-03-12,70.75,69.7172,130.561,143.118
2024-03-13,70.19,68.5553,125.482,139.192
2024-03-14,70.48,69.1796,128.214,140.628
2024-03-15,70.3,68.8286,128.603,139.994
2024-03-18,70.23,68.9103,129.042,140.102
2024-03-19,70.01,68.4316,127.908,138.873
2024-03-20,70.05,68.553,128.25,138.979
2024-03-21,70.42,69.3439,130.388,140.914
2024-03-22,70.66,69.4282,131.446,141.633
2024-03-26,70.8,69.7836,131.842,141.918
2024-03-27,71.05,69.9247,131.934,142.34
2024-03-28,71.34,70.392,132.269,143.312
2024-03-31,71.34,70.3921,132.269,143.306
2024-04-01,71.54,71.1681,134.808,145.489
2024-04-02,71.51,71.3013,135.682,146.002
2024-04-03,71.47,71.4405,136.897,146.279
2024-04-04,71.65,71.5573,137.824,146.568
2024-04-05,71.64,71.5993,138.529,147.151
2024-04-08,72.0,71.9966,139.227,148.147
2024-04-09,71.96,71.9412,139.009,147.91
2024-04-10,72.1,72.1905,139.371,149.081
2024-04-12,71.57,72.0508,138.656,147.853
2024-04-15,71.19,71.6268,137.587,146.133
2024-04-16,71.04,71.6087,137.833,146.011
2024-04-18,70.95,71.5078,137.76,145.343
2024-04-19,71.1,71.4791,137.625,145.363
2024-04-22,71.43,71.7945,138.668,146.043
2024-04-23,71.59,71.7071,139.272,146.686
2024-04-24,71.72,71.8275,139.749,147.293
2024-04-25,71.93,72.1321,141.097,148.159
2024-04-26,71.76,72.3016,141.159,148.275
2024-04-29,72.03,72.5397,141.586,149.077
2024-04-30,72.06,72.552,141.732,149.204
2024-05-02,72.12,72.7897,141.356,149.73
2024-05-03,71.91,72.585,140.575,149.132
2024-05-06,71.86,72.4436,139.136,148.764
2024-05-07,71.58,71.94,137.469,146.965
2024-05-08,71.73,72.2234,137.324,148.233
2024-05-09,71.45,71.6391,134.852,145.915
2024-05-10,71.72,72.148,135.16,146.651
2024-05-13,71.74,72.0392,134.969,147.025
2024-05-14,71.96,72.3237,137.015,148.087
2024-05-15,71.97,72.6255,138.211,148.797
2024-05-16,72.21,73.0554,139.425,150.078
2024-05-17,72.37,73.2123,140.86,151.56
2024-05-21,72.36,73.5341,141.341,152.054
2024-05-22,72.45,73.6333,141.823,152.306
2024-05-23,72.96,73.9788,142.074,153.583
2024-05-24,72.99,73.7748,141.502,153.441
2024-05-27,72.96,73.6978,140.642,153.288
2024-05-28,72.85,73.4779,139.728,152.829
2024-05-29,72.63,73.3535,139.886,151.734
2024-05-30,72.39,72.9466,138.322,150.369
2024-05-31,72.29,73.0704,138.627,150.707
2024-06-03,73.16,74.2516,140.714,155.217
2024-06-04,71.55,71.8039,133.037,144.897
2024-06-05,72.83,73.0386,136.92,150.236
2024-06-06,73.2,73.639,140.422,152.686
2024-06-07,73.79,74.2648,143.465,155.282
2024-06-10,73.92,74.2446,144.877,156.049
2024-06-11,73.92,74.4408,145.024,156.522
2024-06-12,74.01,74.7058,146.34,157.473
2024-06-13,74.19,74.9816,147.556,158.268
2024-06-14,74.44,75.2285,148.521,159.55
2024-06-18,74.54,75.3503,148.986,159.92
2024-06-19,74.37,75.0253,148.199,159.362
2024-06-20,74.38,75.1015,149.319,160.61
2024-06-21,74.36,75.0643,149.525,160.263
2024-06-24,74.42,75.17,149.562,160.265
2024-06-25,74.56,75.1825,149.394,160.806
2024-06-26,74.65,75.2518,149.868,160.869
2024-06-27,74.83,75.391,149.139,161.678
2024-06-28,74.69,75.5743,149.306,162.004
2024-07-01,74.85,75.8179,151.477,163.186
2024-07-02,74.82,75.7757,151.495,162.731
2024-07-03,75.01,76.0497,152.526,163.605
2024-07-04,75.17,76.3637,153.659,164.143
2024-07-05,75.44,76.6757,154.03,164.9
2024-07-08,75.35,76.7103,154.106,164.636
2024-07-09,75.8,76.986,154.189,165.341
2024-07-10,75.83,76.9879,153.712,164.931
2024-07-11,75.86,77.073,154.459,165.312
2024-07-12,75.95,77.2277,155.135,165.829
2024-07-15,76.1,77.5409,155.349,166.848
2024-07-16,76.12,77.5586,155.516,167.196
2024-07-18,76.21,77.5455,154.21,167.127
2024-07-19,75.93,76.7484,150.822,164.475
2024-07-22,76.14,76.9548,152.14,165.117
2024-07-23,76.19,76.5755,151.311,164.502
2024-07-24,76.2,76.7393,154.203,165.525
2024-07-25,76.24,77.1511,153.917,165.61
2024-07-26,76.75,77.705,155.645,168.389
2024-07-29,76.85,77.9037,156.82,168.998
2024-07-30,76.92,77.906,157.344,169.945
2024-07-31,77.1,78.2272,157.165,170.435
2024-08-01,77.28,78.2368,157.145,170.033
2024-08-02,77.02,78.0078,155.648,168.425
2024-08-05,76.28,76.7964,149.887,163.191
2024-08-06,76.22,76.5943,150.56,162.386
2024-08-07,76.78,77.4687,152.815,165.023
2024-08-08,76.55,77.2422,152.345,164.181
2024-08-09,76.8,77.8699,153.193,165.146
2024-08-12,76.85,77.955,153.638,165.463
2024-08-13,76.71,77.8054,152.014,163.718
2024-08-14,76.72,77.7662,151.722,163.721
2024-08-16,77.02,78.4054,154.987,166.54
2024-08-19,77.06,78.745,156.939,167.363
2024-08-20,77.29,78.9962,157.314,168.268
2024-08-21,77.38,79.0902,158.872,169.102
2024-08-22,77.59,79.2449,159.103,169.418
2024-08-23,77.68,79.3053,159.505,169.207
2024-08-26,77.82,79.6036,159.108,170.472
2024-08-27,77.94,79.6451,159.146,170.987
2024-08-28,77.97,79.769,159.252,170.803
2024-08-29,77.98,79.8008,158.687,170.962
2024-08-30,78.18,80.075,160.225,172.153
2024-09-02,78.26,79.9174,160.357,171.785
2024-09-03,78.27,79.9776,161.139,172.276
2024-09-04,78.29,79.8534,160.91,171.714
2024-09-05,78.37,79.863,162.165,172.276
2024-09-06,78.16,79.4513,160.484,169.876
2024-09-09,78.22,79.4488,159.041,169.675
2024-09-10,78.34,79.6912,161.52,170.803
2024-09-11,78.31,79.6765,160.666,169.705
2024-09-12,78.83,80.3809,161.669,172.339
2024-09-13,78.7,80.5757,162.525,172.632
2024-09-16,78.78,80.7421,162.382,172.568
2024-09-17,78.75,80.7573,162.261,172.651
2024-09-18,78.7,80.529,160.759,171.61
2024-09-19,78.77,80.4676,159.753,170.769
2024-09-20,79.29,81.1447,159.946,172.109
2024-09-23,79.51,81.6089,160.73,173.692
2024-09-24,79.5,81.6937,161.479,174.005
2024-09-25,79.5,81.7413,161.535,174.213
2024-09-26,79.78,82.0558,160.537,175.205
2024-09-27,79.78,82.0457,160.15,175.368
2024-09-30,79.32,81.5131,160.249,173.891
2024-10-01,79.3,81.5413,161.103,174.326
2024-10-03,78.55,80.6736,158.417,170.707
2024-10-04,78.4,80.3909,157.714,169.309
2024-10-07,77.94,79.7998,154.307,166.277
2024-10-08,78.38,80.4309,157.641,168.346
2024-10-09,78.66,80.6787,158.386,169.357
2024-10-10,78.65,80.4483,158.911,168.978
2024-10-11,78.66,80.6375,159.652,169.116
2024-10-14,78.69,80.8529,159.65,169.94
2024-10-15,78.8,80.8527,161.55,169.754
2024-10-16,78.64,80.6548,161.693,169.502
2024-10-17,78.29,80.0785,159.661,167.461
2024-10-18,78.32,80.0847,159.11,168.657
2024-10-21,78.29,79.9748,156.927,167.098
2024-10-22,77.81,79.3777,152.543,163.674
2024-10-23,77.75,79.4708,153.821,163.577
2024-10-24,77.45,79.1158,153.256,163.446
2024-10-25,77.19,78.7649,150.891,161.313
2024-10-28,77.21,79.0073,152.986,162.215
2024-10-29,77.38,79.1097,153.399,163.243
2024-10-30,77.31,79.0146,155.241,163.138
2024-10-31,77.24,78.5411,157.919,162.625
2024-11-04,77.04,78.3436,157.951,161.47
2024-11-05,77.24,78.4521,158.422,162.955
2024-11-06,77.62,79.1907,160.949,165.421
2024-11-07,77.41,78.3943,161.09,164.447
2024-11-08,77.3,78.3273,158.374,163.202
2024-11-11,77.3,78.2447,157.044,162.83
2024-11-12,76.93,77.6061,155.55,160.495
2024-11-13,76.44,77.0224,151.457,157.197
2024-11-14,76.57,76.9165,151.677,157.531
2024-11-18,76.57,76.8829,150.354,156.915
2024-11-19,76.62,77.1956,151.611,158.115
2024-11-21,76.34,77.2188,150.495,157.381
2024-11-22,76.77,78.1842,151.646,159.895
2024-11-25,77.11,78.5612,154.526,162.976
2024-11-26,77.09,78.4281,155.404,162.897
2024-11-27,77.23,78.5844,156.692,163.61
2024-11-28,76.95,78.0578,157.177,163.048
2024-11-29,77.16,78.5214,158.276,163.952
2024-12-02,77.44,78.9538,159.19,165.075
2024-12-03,77.8,79.2067,161.014,166.587
2024-12-04,77.82,79.2083,162.41,167.44
2024-12-05,78.11,79.6714,162.505,168.312
2024-12-06,78.11,79.748,163.38,169.067
2024-12-09,78.04,79.5408,164.295,169.206
2024-12-10,78.22,79.6953,165.182,169.771
2024-12-11,78.18,79.9461,165.512,169.938
2024-12-12,77.97,79.902,164.397,168.923
2024-12-13,78.14,80.1072,163.459,169.243
2024-12-16,78.2,80.1136,163.588,169.458
2024-12-17,77.78,79.661,162.464,167.588
2024-12-18,77.63,79.6651,161.115,166.331
2024-12-19,77.42,79.2021,160.735,165.234
2024-12-20,76.95,78.3546,157.311,162.357
2024-12-23,77.02,78.5819,156.531,162.588
2024-12-24,77.08,78.5507,156.798,162.684
2024-12-26,77.2,78.6522,156.643,162.897
2024-12-27,77.17,78.7657,157.22,162.906
2024-12-30,76.94,78.8073,156.626,161.651
2024-12-31,76.92,78.8537,157.498,161.961
2025-01-01,77.15,79.1013,158.758,162.425
2025-01-02,77.89,79.9411,160.062,164.267
2025-01-03,77.85,79.8256,160.19,163.413
2025-01-06,77.22,78.9512,155.785,159.937
2025-01-07,77.21,78.9895,157.929,160.507
2025-01-08,77.09,78.7575,156.292,159.491
2025-01-09,76.82,78.5029,154.557,158.292
2025-01-10,76.49,78.3247,151.518,156.066
2025-01-13,75.69,77.1975,146.672,151.631
2025-01-14,76.0,77.3073,148.767,153.883
2025-01-15,76.29,77.5584,149.152,154.399
2025-01-16,76.56,77.7093,151.0,155.855
2025-01-17,76.56,77.6805,150.53,155.717
2025-01-20,76.59,77.6919,150.639,156.745
2025-01-21,76.1,76.7777,148.217,154.27
2025-01-22,76.08,76.8854,146.515,153.313
2025-01-23,76.25,77.3839,147.387,154.773
2025-01-24,76.06,77.0823,144.988,152.48
2025-01-27,75.6,76.303,141.135,149.502
2025-01-28,75.82,76.2353,138.755,149.377
2025-01-29,76.37,77.0283,142.614,151.903
2025-01-30,76.34,77.0767,142.609,151.809
2025-01-31,76.78,77.7102,144.041,153.628
2025-02-03,77.09,78.1455,142.74,152.22
2025-02-04,77.52,78.6111,143.921,154.569
2025-02-05,77.43,78.6992,146.177,155.305
2025-02-06,77.29,78.3097,146.433,154.468
2025-02-07,77.28,78.4272,145.426,154.457
2025-02-10,76.91,77.9355,142.701,151.998
2025-02-11,76.27,77.069,138.859,148.596
2025-02-12,76.27,76.9068,138.357,148.026
2025-02-13,76.25,76.9516,138.193,148.336
2025-02-14,75.89,76.4988,135.163,145.725
2025-02-17,75.89,76.3587,134.096,146.27
2025-02-18,75.96,76.3092,132.725,146.157
2025-02-19,76.09,76.4184,135.084,147.255
2025-02-20,76.18,76.5863,136.537,148.022
2025-02-21,75.94,76.0821,136.389,146.975
2025-02-24,75.59,75.5953,134.769,145.574
2025-02-25,75.54,75.6214,133.833,144.782
2025-02-27,75.46,75.2664,131.756,143.89
2025-02-28,74.67,73.9473,128.96,141.099
2025-03-03,74.84,74.2172,128.083,141.517
2025-03-04,74.82,74.1712,128.756,141.945
2025-03-05,75.34,74.9509,132.443,145.035
2025-03-06,75.69,75.319,134.358,146.473
2025-03-07,75.61,75.2029,134.781,146.107
2025-03-10,75.35,74.842,132.128,144.712
2025-03-11,75.4,75.028,130.837,145.102
2025-03-12,75.27,74.8519,130.197,144.6
2025-03-13,75.17,74.7185,128.811,143.612
2025-03-17,75.38,75.1261,128.315,144.497
2025-03-18,76.0,76.075,131.027,147.453
2025-03-19,76.24,76.3436,133.259,149.469
2025-03-20,76.63,76.9001,134.494,150.627
2025-03-21,76.95,77.0609,136.697,152.35
2025-03-24,77.37,77.4147,138.468,154.037
2025-03-25,77.29,77.1956,137.609,153.023
2025-03-26,77.12,77.0343,135.746,151.866
2025-03-27,77.34,77.371,137.923,152.838
2025-03-28,77.24,77.2898,137.571,152.222
2025-03-31,77.24,77.2942,137.571,152.215
2025-04-01,76.86,76.8196,137.588,150.82
2025-04-02,77.34,77.455,138.115,152.113
2025-04-03,77.27,77.1569,138.612,152.13
2025-04-04,76.61,76.0937,134.529,148.272
2025-04-07,75.58,74.5056,130.094,143.457
2025-04-08,76.23,75.2996,132.093,146.014
2025-04-09,76.13,75.2678,131.052,144.566
2025-04-11,76.86,76.3778,133.868,147.499
2025-04-15,77.9,77.4664,137.23,151.323
2025-04-16,78.09,77.8182,138.794,152.417
2025-04-17,78.76,78.4463,139.195,154.109
2025-04-21,79.3,79.2746,141.432,156.813
2025-04-22,79.39,79.6583,142.381,157.156
2025-04-23,79.86,80.0449,143.209,158.422
2025-04-24,79.66,79.9364,143.543,158.26
2025-04-25,79.25,79.3141,140.647,155.539
2025-04-28,79.71,79.6057,141.758,157.633
2025-04-29,79.67,79.7702,141.686,157.717
2025-04-30,79.69,79.4691,139.527,157.079
2025-05-02,79.79,79.3706,139.332,156.75
2025-05-05,80.07,79.8896,141.096,158.415
2025-05-06,79.88,79.8134,137.887,156.055
2025-05-07,80.03,79.8974,138.965,157.295
2025-05-08,79.67,79.3495,138.299,155.334
2025-05-09,79.36,78.9179,137.81,154.605
2025-05-12,80.68,80.4772,143.082,160.324
2025-05-13,80.3,80.1405,144.819,159.538
2025-05-14,80.51,80.3279,147.005,161.115
2025-05-15,81.08,80.7568,148.81,162.909
2025-05-16,81.2,80.8967,150.352,163.494
2025-05-19,81.11,80.992,151.284,163.311
2025-05-20,80.63,80.4024,150.021,161.552
2025-05-21,80.89,80.7638,150.876,162.815
2025-05-22,80.7,80.3709,150.997,161.92
2025-05-23,80.99,80.7691,151.907,163.178
2025-05-26,81.07,81.1052,152.339,163.875
2025-05-27,80.96,80.801,152.491,163.413
2025-05-28,81.0,80.7069,152.835,163.037
2025-05-29,81.22,80.813,153.314,164.039
2025-05-30,81.14,80.7628,153.3,163.768
2025-06-02,81.16,80.8922,153.69,164.101
2025-06-03,80.96,80.7409,154.311,163.432
2025-06-04,81.15,81.0119,154.82,164.149
2025-06-05,81.41,81.3537,155.389,165.134
2025-06-06,81.79,81.7339,155.647,167.103
2025-06-09,82.02,82.0876,157.072,168.512
2025-06-10,81.94,82.1015,158.075,168.679
2025-06-11,82.07,82.0723,158.074,168.749
2025-06-12,81.69,81.5902,156.277,166.516
2025-06-13,81.51,81.487,155.602,165.669
2025-06-16,81.92,81.9596,156.693,167.187
2025-06-17,81.78,81.7612,155.619,166.094
2025-06-18,81.73,81.5734,155.422,166.083
2025-06-19,81.61,81.2057,153.036,164.659
2025-06-20,82.03,81.722,153.14,166.546
2025-06-23,81.87,81.7635,154.105,166.354
2025-06-24,82.0,81.9293,155.191,167.48
2025-06-25,82.48,82.2291,157.754,168.75
2025-06-26,82.73,82.7784,157.914,170.085
2025-06-27,82.89,82.8604,158.732,170.586
2025-06-30,82.78,82.9865,159.887,170.742
2025-07-01,82.74,83.0004,160.346,170.714
2025-07-02,82.7,82.9913,160.574,170.647
2025-07-03,82.71,82.9133,161.607,170.49
2025-07-04,82.76,82.9716,161.763,170.634
2025-07-07,82.75,83.0186,161.16,170.417
2025-07-08,82.78,82.9792,160.803,170.639
2025-07-09,82.74,82.9512,161.474,170.571
2025-07-10,82.56,82.7521,161.849,170.261
2025-07-11,82.26,82.3982,160.794,169.536
2025-07-14,82.26,82.5265,161.695,169.976
2025-07-15,82.56,82.7929,163.122,171.116
2025-07-16,82.61,82.8219,163.525,171.287
2025-07-17,82.43,82.5862,163.898,171.214
2025-07-18,82.29,82.5116,163.549,170.225
2025-07-21,82.47,82.8149,163.184,170.665
2025-07-22,82.37,82.7996,162.886,170.026
2025-07-23,82.59,83.0949,163.025,171.056
2025-07-24,82.43,82.4193,163.25,170.081
2025-07-25,82.11,81.9259,161.404,168.131
2025-07-28,82.01,81.6254,159.642,167.168
2025-07-29,82.18,81.8503,161.094,168.465
2025-07-30,82.38,82.0093,161.521,168.686
2025-07-31,82.2,81.863,160.713,167.541
2025-08-01,81.85,81.3317,158.81,165.244
2025-08-04,82.18,82.0192,160.002,166.754
2025-08-05,82.17,81.8844,160.037,166.105
2025-08-06,82.0,81.5023,158.477,165.212
2025-08-07,82.07,81.7109,158.569,165.531
2025-08-08,81.62,81.2027,157.405,163.855
2025-08-11,81.88,81.4429,157.739,165.168
2025-08-12,81.81,81.2378,158.592,164.842
2025-08-13,82.07,81.5411,158.742,165.912
2025-08-14,82.17,81.6793,157.806,165.641
2025-08-18,82.79,82.349,160.08,167.396
2025-08-19,83.08,82.4428,161.951,168.648
2025-08-20,83.37,82.7737,162.355,168.914
2025-08-21,83.5,82.7428,162.422,169.068
2025-08-22,83.31,82.4142,161.518,168.165
2025-08-25,83.48,82.6867,161.827,168.743
2025-08-26,83.09,82.2603,160.038,166.882
2025-08-28,82.74,81.7881,158.684,165.328
2025-08-29,82.69,81.7872,158.5,164.778
2025-09-01,83.11,82.5457,160.567,166.903
2025-09-02,83.09,82.572,161.969,166.92
2025-09-03,83.3,82.9698,162.064,168.333
2025-09-04,83.3,82.9559,161.64,167.819
2025-09-05,83.35,82.9355,160.985,167.925
2025-09-08,83.45,83.0486,160.881,168.449
2025-09-09,83.65,83.6178,161.68,168.826
2025-09-10,83.75,83.8625,163.203,169.537
2025-09-11,83.84,83.8225,162.957,170.017
2025-09-12,84.0,84.092,162.961,170.692
2025-09-15,84.07,84.0275,163.287,171.018
2025-09-16,84.42,84.5138,164.232,172.375
2025-09-17,84.51,84.5178,164.937,172.886
2025-09-18,84.7,84.7379,165.083,173.485
2025-09-19,84.59,84.4262,165.874,173.377
2025-09-22,84.41,84.2282,164.83,172.126
2025-09-23,84.33,84.1587,164.568,172.157
2025-09-24,84.13,83.8954,163.746,170.819
2025-09-25,83.85,83.4881,162.634,169.844
2025-09-26,83.48,82.6022,159.956,167.38
2025-09-30,83.46,82.6376,159.067,167.818
2025-10-01,83.81,83.2865,159.708,169.355
2025-10-03,83.97,83.4376,160.874,170.289
2025-10-06,84.27,84.1958,161.576,171.344
2025-10-07,84.28,84.4413,161.076,171.467
2025-10-08,84.2,84.5858,161.109,170.628
2025-10-09,84.44,85.0364,160.946,171.868
2025-10-10,84.62,85.1632,161.622,172.802
2025-10-13,84.57,85.3744,161.37,172.477
2025-10-14,84.48,85.4333,159.968,172.026
2025-10-15,84.87,86.0947,161.01,173.16
2025-10-16,85.18,86.5686,161.542,174.209
2025-10-17,85.33,87.0872,160.951,174.132
2025-10-20,85.57,87.0574,162.332,175.394
2025-10-23,85.64,86.6072,162.458,176.012
2025-10-24,85.59,86.2924,162.257,175.538
2025-10-27,85.9,86.5824,164.14,176.973
2025-10-28,85.71,86.023,164.065,176.967
2025-10-29,85.88,86.4979,165.068,177.878
2025-10-30,85.55,86.2711,164.848,177.261
2025-10-31,85.29,86.0668,163.989,176.383
2025-11-03,85.42,86.2045,165.162,177.293
2025-11-04,85.22,85.8795,164.368,176.331
2025-11-06,85.1,85.8182,162.3,174.863
2025-11-07,85.1,85.8984,161.894,175.084
2025-11-10,85.31,86.4299,162.281,175.901
2025-11-11,85.49,86.7787,162.235,176.502
2025-11-12,85.69,87.2472,163.347,177.335
2025-11-13,85.77,87.4746,162.565,177.269
2025-11-14,85.64,87.3304,162.414,177.12
2025-11-17,85.94,87.4948,163.105,178.077
2025-11-18,85.81,87.1467,161.911,177.037
2025-11-19,86.15,87.5967,162.319,177.605
2025-11-20,86.35,87.6437,161.998,177.898
2025-11-21,86.11,87.3501,160.321,176.781
2025-11-24,85.98,87.1188,159.794,176.19
2025-11-25,85.92,87.1812,159.867,176.173
2025-11-26,86.46,87.9148,161.285,178.28
2025-11-27,86.47,87.8572,160.401,178.409
2025-11-28,86.44,87.86,160.65,178.247
2025-12-01,86.66,88.1527,160.889,178.082
2025-12-02,86.6,87.9759,160.557,177.404
2025-12-03,86.51,87.6948,159.873,177.187
2025-12-04,86.6,87.8244,159.398,177.215
2025-12-05,86.75,88.3289,158.422,178.068
2025-12-08,86.26,87.5259,155.83,175.666
2025-12-09,86.14,87.2801,157.305,175.934
2025-12-10,85.98,86.9368,156.471,175.25
2025-12-11,86.26,87.4141,156.845,176.269
2025-12-12,86.59,88.0722,157.406,177.578
2025-12-15,86.59,88.1707,158.651,177.396
2025-12-16,86.37,87.7135,157.344,175.806
2025-12-17,86.23,87.6087,156.502,175.278
2025-12-18,86.21,87.6702,156.148,175.426
2025-12-19,86.6,88.0289,157.603,176.905
2025-12-22,86.94,88.6263,158.927,177.945
2025-12-23,86.89,88.8415,159.184,178.219
2025-12-24,86.79,88.731,158.65,177.728
2025-12-26,86.67,88.5959,157.668,177.363
2025-12-29,86.46,88.238,156.813,176.907
2025-12-30,86.4,87.8785,155.986,176.865
2025-12-31,86.82,88.648,157.894,178.511
2026-01-01,87.04,88.2364,158.455,178.635
2026-01-02,87.48,88.7761,159.468,179.682
2026-01-05,87.39,88.959,159.665,179.317
2026-01-06,87.33,89.017,158.961,178.942
2026-01-07,87.44,89.1498,159.157,179.075
2026-01-08,86.84,88.3488,156.686,176.553
2026-01-09,86.5,88.0561,155.078,175.006
2026-01-12,86.59,88.5524,153.869,175.027
2026-01-13,86.51,88.4412,154.808,175.071
2026-01-14,86.36,88.5468,154.833,175.799
2026-01-16,86.5,88.6948,154.323,175.827
2026-01-19,86.38,89.0431,152.682,174.817
2026-01-20,85.59,88.4491,149.695,171.544
2026-01-21,85.43,88.919,148.807,170.39
2026-01-22,85.67,88.5283,150.706,171.284
2026-01-23,85.13,88.1271,148.822,169.021
2026-01-27,85.34,88.5922,148.809,169.641
2026-01-28,85.88,89.3889,150.681,171.419
2026-01-29,85.86,90.3018,150.816,172.119
2026-01-30,85.77,88.7602,152.905,171.926
2026-02-02,85.41,86.8625,151.575,170.938
2026-02-03,86.65,88.7361,155.611,174.946
2026-02-04,86.84,89.2801,155.772,175.456
2026-02-05,86.62,88.6914,154.915,174.705
2026-02-06,86.63,88.616,154.341,174.626
2026-02-09,87.11,89.5304,156.855,176.957
2026-02-10,87.34,89.7461,157.711,177.787
2026-02-11,87.63,89.9416,157.935,178.235
2026-02-12,87.35,89.6151,156.448,177.212
2026-02-13,86.73,88.4921,154.122,175.066
2026-02-16,86.89,88.9159,153.082,176.012
2026-02-17,87.12,89.0278,154.229,176.453
2026-02-18,87.15,89.2437,154.604,177.017
2026-02-19,86.48,88.5517,153.116,174.588
2026-02-20,86.57,88.9185,153.431,175.2
2026-02-23,86.79,89.3458,154.378,175.998
2026-02-24,86.2,88.9144,153.417,174.716
2026-02-25,86.61,89.2642,154.144,175.876
2026-02-26,86.68,89.2615,154.489,176.175
2026-02-27,86.18,88.5605,153.001,174.058
2026-03-02,85.51,88.443,150.036,171.39
2026-03-04,84.67,87.0457,147.101,167.972
2026-03-05,85.26,87.5422,148.228,169.8
2026-03-06,84.84,86.885,147.258,168.165
2026-03-09,83.89,85.8851,143.641,165.034
2026-03-10,84.46,86.8556,146.379,167.006
2026-03-11,83.71,85.8909,145.933,164.997
2026-03-12,83.15,85.391,145.469,164.011
2026-03-13,82.03,84.102,142.047,160.137
2026-03-16,82.45,83.999,140.82,160.655
2026-03-17,82.95,84.4259,141.382,161.927
2026-03-18,83.54,85.0949,144.04,164.386
2026-03-19,81.87,82.6512,140.188,159.132
2026-03-20,82.08,83.0422,140.613,160.174
2026-03-23,80.64,80.3374,136.046,155.029
2026-03-24,81.68,81.7918,138.593,158.104
2026-03-25,82.71,83.2585,141.55,161.225
2026-03-27,81.56,81.8758,138.857,157.786
2026-03-30,80.41,80.7675,135.383,153.729
2026-03-31,80.41,80.7688,135.383,153.727
2026-04-01,81.43,82.2107,139.349,157.094
2026-04-02,81.49,82.0037,139.777,157.035
2026-04-06,82.29,82.9566,141.31,159.302
2026-04-07,82.55,83.2188,141.691,159.821
2026-04-08,84.79,85.6474,145.99,165.989
2026-04-09,84.45,85.402,145.585,165.052
2026-04-10,85.27,86.1554,147.781,167.467
2026-04-13,84.78,85.4135,146.34,166.135
2026-04-15,85.85,86.6256,149.327,169.24
2026-04-16,85.96,86.6851,150.844,170.111
2026-04-17,86.35,87.2977,152.703,171.554
2026-04-20,86.29,87.3158,151.752,171.472
2026-04-21,86.6,87.8581,152.474,172.591
2026-04-22,86.16,87.3104,153.094,172.176
2026-04-23,85.4,86.8176,151.869,170.829
2026-04-24,84.84,86.2121,149.87,168.973
2026-04-27,85.31,86.6875,152.317,171.103
2026-04-28,84.95,86.3545,151.636,170.423
2026-04-29,85.23,86.6101,151.518,171.224
2026-04-30,84.81,86.4204,150.667,169.755
2026-05-04,85.12,86.4698,152.253,171.117
2026-05-05,85.11,86.4953,152.429,170.44
2026-05-06,85.85,87.4346,154.929,173.313
2026-05-07,86.14,87.6512,155.728,174.487
2026-05-08,85.96,87.5009,156.933,173.389
2026-05-11,85.16,86.7554,155.53,171.104
2026-05-12,84.08,85.6666,151.935,167.531
2026-05-13,84.11,86.576,151.54,168.32
2026-05-14,84.44,87.1001,150.936,170.287
2026-05-15,84.36,86.9347,151.18,169.92
2026-05-18,84.0,86.9512,149.367,169.622
2026-05-19,84.24,87.2088,150.79,170.795
2026-05-20,84.36,87.1844,151.232,171.08
2026-05-21,84.38,87.2273,152.332,171.425
2026-05-22,84.6,87.3478,152.639,171.907
2026-05-25,85.22,87.9389,153.836,173.668
2026-05-26,85.08,87.7775,153.923,173.396
2026-05-27,85.12,87.9081,153.613,173.411
2026-05-29,84.52,87.0879,151.914,170.942
2026-06-01,84.23,86.4289,151.13,169.5
2026-06-02,84.48,86.9129,152.056,170.103
2026-06-03,84.19,86.4027,151.987,169.361
2026-06-04,84.33,86.7114,152.199,169.58
2026-06-05,84.29,86.4948,152.672,169.398
2026-06-08,83.59,85.6674,150.698,167.08
2026-06-09,84.15,86.2793,152.803,168.746
2026-06-10,83.89,85.7438,151.483,167.494
2026-06-11,83.54,85.2282,150.435,166.933
2026-06-12,84.72,86.5069,153.558,170.268
2026-06-15,85.9,87.3883,155.293,173.003
2026-06-16,86.16,87.7059,156.094,173.314
2026-06-17,86.51,88.0131,156.552,173.895
2026-06-18,86.7,88.0225,157.286,174.91
2026-06-19,86.47,87.599,158.561,174.89
2026-06-22,86.78,87.8707,159.648,176.176
2026-06-23,86.23,87.0413,157.997,174.91
2026-06-24,86.63,87.1699,158.874,175.958
2026-06-25,86.86,86.9282,158.068,175.414
2026-06-29,86.51,86.8289,156.756,174.87
2026-06-30,86.54,86.7251,156.834,175.396
2026-07-01,86.99,87.1353,156.967,176.476
2026-07-02,87.6,87.8477,158.753,177.852
2026-07-03,87.66,88.1583,158.696,178.147
2026-07-06,88.02,88.3592,158.999,179.126
2026-07-07,87.92,88.1549,158.058,178.904
2026-07-08,86.71,86.7712,155.389,175.53
2026-07-09,86.96,87.3634,157.548,177.13
2026-07-10,87.55,87.9643,160.265,179.108
2026-07-13,87.6,87.9065,161.037,179.113
2026-07-14,87.04,87.2804,159.603,178.092
2026-07-15,87.28,87.5552,160.349,178.883
2026-07-16,87.16,87.5039,160.683,178.518
2026-07-17,87.59,87.8246,160.53,178.831
2026-07-20,87.44,88.008,160.854,178.384
2026-07-21,87.68,88.2204,161.077,178.537
2026-07-22,87.31,87.9311,159.27,176.357
2026-07-23,87.02,87.4827,157.291,175.268
2026-07-24,86.83,87.3323,157.649,174.786
2026-07-27,87.61,88.1814,159.582,176.918
2026-07-28,87.79,87.9721,159.125,177.238
2026-07-29,88.33,88.4315,161.02,179.285
2026-07-30,88.54,88.5221,160.046,179.473
2026-07-31,88.94,88.6822,160.752,179.781
2026-08-03,90.0,89.6562,163.7,181.884
2026-08-04,89.75,89.4614,164.009,181.611
2026-08-05,89.98,89.7018,164.873,181.707
2026-08-06,89.95,90.0159,163.991,181.551
2026-08-07,89.95,90.2344,163.673,181.454
2026-08-10,90.2,90.4215,163.491,181.456
2026-08-11,90.04,90.3353,163.51,181.634
2026-08-12,89.96,90.4386,162.811,181.573
2026-08-13,90.05,90.3613,162.66,181.678
2026-08-14,89.91,90.0457,162.283,180.83
